"DATE","variable","value"
"9/1/17","time00:00",4.48
"9/1/17","time01:00",5.12
"9/1/17","time02:00",4.32
"9/1/17","time03:00",4.16
"9/1/17","time04:00",4.8
"9/1/17","time05:00",4.32
"9/1/17","time06:00",20.96
"9/1/17","time07:00",21.92
"9/1/17","time08:00",32.16
"9/1/17","time09:00",40.48
"9/1/17","time10:00",46.08
"9/1/17","time11:00",59.04
"9/1/17","time12:00",65.6
"9/1/17","time13:00",69.92
"9/1/17","time14:00",71.04
"9/1/17","time15:00",71.36
"9/1/17","time16:00",64
"9/1/17","time17:00",46.08
"9/1/17","time18:00",49.28
"9/1/17","time19:00",47.84
"9/1/17","time20:00",44.96
"9/1/17","time21:00",13.92
"9/1/17","time22:00",5.92
"9/1/17","time23:00",5.44
"9/2/17","time00:00",5.76
"9/2/17","time01:00",5.44
"9/2/17","time02:00",5.44
"9/2/17","time03:00",5.6
"9/2/17","time04:00",5.44
"9/2/17","time05:00",5.44
"9/2/17","time06:00",10.88
"9/2/17","time07:00",12.48
"9/2/17","time08:00",12.48
"9/2/17","time09:00",12.64
"9/2/17","time10:00",7.52
"9/2/17","time11:00",11.36
"9/2/17","time12:00",11.04
"9/2/17","time13:00",9.92
"9/2/17","time14:00",11.52
"9/2/17","time15:00",6.24
"9/2/17","time16:00",4.64
"9/2/17","time17:00",4
"9/2/17","time18:00",4.32
"9/2/17","time19:00",5.12
"9/2/17","time20:00",5.76
"9/2/17","time21:00",4.96
"9/2/17","time22:00",5.44
"9/2/17","time23:00",4.48
"9/3/17","time00:00",5.6
"9/3/17","time01:00",4.96
"9/3/17","time02:00",4.64
"9/3/17","time03:00",4.8
"9/3/17","time04:00",5.28
"9/3/17","time05:00",4.96
"9/3/17","time06:00",5.76
"9/3/17","time07:00",4.16
"9/3/17","time08:00",4.8
"9/3/17","time09:00",3.84
"9/3/17","time10:00",3.84
"9/3/17","time11:00",4.32
"9/3/17","time12:00",4
"9/3/17","time13:00",4.8
"9/3/17","time14:00",6.4
"9/3/17","time15:00",5.6
"9/3/17","time16:00",5.76
"9/3/17","time17:00",5.28
"9/3/17","time18:00",4.64
"9/3/17","time19:00",4.96
"9/3/17","time20:00",5.76
"9/3/17","time21:00",5.28
"9/3/17","time22:00",5.76
"9/3/17","time23:00",5.92
"9/4/17","time00:00",5.44
"9/4/17","time01:00",4.96
"9/4/17","time02:00",5.44
"9/4/17","time03:00",4.96
"9/4/17","time04:00",4.64
"9/4/17","time05:00",5.12
"9/4/17","time06:00",4.8
"9/4/17","time07:00",4.64
"9/4/17","time08:00",4.32
"9/4/17","time09:00",4
"9/4/17","time10:00",4
"9/4/17","time11:00",4.64
"9/4/17","time12:00",3.68
"9/4/17","time13:00",4.96
"9/4/17","time14:00",4.64
"9/4/17","time15:00",6.4
"9/4/17","time16:00",5.44
"9/4/17","time17:00",6.24
"9/4/17","time18:00",5.12
"9/4/17","time19:00",4.96
"9/4/17","time20:00",5.28
"9/4/17","time21:00",5.28
"9/4/17","time22:00",5.6
"9/4/17","time23:00",5.6
"9/5/17","time00:00",5.6
"9/5/17","time01:00",4.64
"9/5/17","time02:00",4.96
"9/5/17","time03:00",5.44
"9/5/17","time04:00",4.8
"9/5/17","time05:00",4.64
"9/5/17","time06:00",33.12
"9/5/17","time07:00",35.2
"9/5/17","time08:00",51.52
"9/5/17","time09:00",33.44
"9/5/17","time10:00",29.6
"9/5/17","time11:00",60.8
"9/5/17","time12:00",64.16
"9/5/17","time13:00",65.92
"9/5/17","time14:00",62.08
"9/5/17","time15:00",63.68
"9/5/17","time16:00",54.88
"9/5/17","time17:00",53.12
"9/5/17","time18:00",47.52
"9/5/17","time19:00",14.56
"9/5/17","time20:00",15.36
"9/5/17","time21:00",8.48
"9/5/17","time22:00",6.56
"9/5/17","time23:00",4.8
"9/6/17","time00:00",4.48
"9/6/17","time01:00",4.96
"9/6/17","time02:00",4.48
"9/6/17","time03:00",4.64
"9/6/17","time04:00",4.96
"9/6/17","time05:00",4
"9/6/17","time06:00",21.92
"9/6/17","time07:00",21.6
"9/6/17","time08:00",45.6
"9/6/17","time09:00",42.08
"9/6/17","time10:00",39.36
"9/6/17","time11:00",44.96
"9/6/17","time12:00",59.68
"9/6/17","time13:00",61.44
"9/6/17","time14:00",62.4
"9/6/17","time15:00",67.2
"9/6/17","time16:00",59.52
"9/6/17","time17:00",56.64
"9/6/17","time18:00",48.96
"9/6/17","time19:00",38.88
"9/6/17","time20:00",11.2
"9/6/17","time21:00",8.16
"9/6/17","time22:00",8
"9/6/17","time23:00",5.6
"9/7/17","time00:00",4.48
"9/7/17","time01:00",4.96
"9/7/17","time02:00",4.48
"9/7/17","time03:00",4.48
"9/7/17","time04:00",4.48
"9/7/17","time05:00",4.32
"9/7/17","time06:00",17.44
"9/7/17","time07:00",17.6
"9/7/17","time08:00",24.48
"9/7/17","time09:00",23.68
"9/7/17","time10:00",34.56
"9/7/17","time11:00",46.24
"9/7/17","time12:00",41.92
"9/7/17","time13:00",59.36
"9/7/17","time14:00",59.52
"9/7/17","time15:00",59.04
"9/7/17","time16:00",53.44
"9/7/17","time17:00",45.76
"9/7/17","time18:00",32.32
"9/7/17","time19:00",14.56
"9/7/17","time20:00",13.6
"9/7/17","time21:00",8.16
"9/7/17","time22:00",5.6
"9/7/17","time23:00",4.32
"9/8/17","time00:00",4.8
"9/8/17","time01:00",4.8
"9/8/17","time02:00",4.48
"9/8/17","time03:00",4.16
"9/8/17","time04:00",4.16
"9/8/17","time05:00",4.64
"9/8/17","time06:00",14.72
"9/8/17","time07:00",13.12
"9/8/17","time08:00",17.76
"9/8/17","time09:00",22.56
"9/8/17","time10:00",29.92
"9/8/17","time11:00",51.84
"9/8/17","time12:00",50.88
"9/8/17","time13:00",53.12
"9/8/17","time14:00",53.92
"9/8/17","time15:00",59.04
"9/8/17","time16:00",57.44
"9/8/17","time17:00",24.16
"9/8/17","time18:00",32.48
"9/8/17","time19:00",18.56
"9/8/17","time20:00",20.96
"9/8/17","time21:00",7.68
"9/8/17","time22:00",5.28
"9/8/17","time23:00",4.32
"9/9/17","time00:00",4.16
"9/9/17","time01:00",4
"9/9/17","time02:00",4
"9/9/17","time03:00",4.48
"9/9/17","time04:00",4.32
"9/9/17","time05:00",6.56
"9/9/17","time06:00",7.2
"9/9/17","time07:00",6.56
"9/9/17","time08:00",6.24
"9/9/17","time09:00",5.92
"9/9/17","time10:00",5.44
"9/9/17","time11:00",8.16
"9/9/17","time12:00",11.68
"9/9/17","time13:00",8
"9/9/17","time14:00",7.68
"9/9/17","time15:00",7.04
"9/9/17","time16:00",3.84
"9/9/17","time17:00",4.48
"9/9/17","time18:00",3.84
"9/9/17","time19:00",3.84
"9/9/17","time20:00",5.6
"9/9/17","time21:00",4.8
"9/9/17","time22:00",4.32
"9/9/17","time23:00",4.64
"9/10/17","time00:00",5.12
"9/10/17","time01:00",5.12
"9/10/17","time02:00",4.32
"9/10/17","time03:00",4.32
"9/10/17","time04:00",4.64
"9/10/17","time05:00",4.32
"9/10/17","time06:00",4
"9/10/17","time07:00",4.16
"9/10/17","time08:00",3.84
"9/10/17","time09:00",3.52
"9/10/17","time10:00",3.68
"9/10/17","time11:00",3.52
"9/10/17","time12:00",3.52
"9/10/17","time13:00",4.16
"9/10/17","time14:00",3.52
"9/10/17","time15:00",4.64
"9/10/17","time16:00",4.16
"9/10/17","time17:00",4.16
"9/10/17","time18:00",4.16
"9/10/17","time19:00",4.64
"9/10/17","time20:00",4.48
"9/10/17","time21:00",5.6
"9/10/17","time22:00",4.64
"9/10/17","time23:00",4.96
"9/11/17","time00:00",4.32
"9/11/17","time01:00",4.64
"9/11/17","time02:00",4.48
"9/11/17","time03:00",4.96
"9/11/17","time04:00",4.16
"9/11/17","time05:00",4.48
"9/11/17","time06:00",16.8
"9/11/17","time07:00",30.4
"9/11/17","time08:00",28.48
"9/11/17","time09:00",41.28
"9/11/17","time10:00",38.56
"9/11/17","time11:00",53.44
"9/11/17","time12:00",58.24
"9/11/17","time13:00",62.24
"9/11/17","time14:00",64.32
"9/11/17","time15:00",64
"9/11/17","time16:00",48.8
"9/11/17","time17:00",42.4
"9/11/17","time18:00",43.52
"9/11/17","time19:00",40.16
"9/11/17","time20:00",14.56
"9/11/17","time21:00",7.68
"9/11/17","time22:00",4.8
"9/11/17","time23:00",3.52
"9/12/17","time00:00",3.84
"9/12/17","time01:00",3.84
"9/12/17","time02:00",4
"9/12/17","time03:00",3.52
"9/12/17","time04:00",4.16
"9/12/17","time05:00",3.52
"9/12/17","time06:00",13.6
"9/12/17","time07:00",16.96
"9/12/17","time08:00",50.08
"9/12/17","time09:00",28.64
"9/12/17","time10:00",31.2
"9/12/17","time11:00",44.64
"9/12/17","time12:00",54.56
"9/12/17","time13:00",67.36
"9/12/17","time14:00",63.04
"9/12/17","time15:00",63.36
"9/12/17","time16:00",57.28
"9/12/17","time17:00",51.84
"9/12/17","time18:00",25.76
"9/12/17","time19:00",8.16
"9/12/17","time20:00",10.72
"9/12/17","time21:00",8.16
"9/12/17","time22:00",5.76
"9/12/17","time23:00",4.32
"9/13/17","time00:00",4.8
"9/13/17","time01:00",4.32
"9/13/17","time02:00",4.16
"9/13/17","time03:00",4.96
"9/13/17","time04:00",4.32
"9/13/17","time05:00",4.16
"9/13/17","time06:00",14.24
"9/13/17","time07:00",18.4
"9/13/17","time08:00",22.4
"9/13/17","time09:00",34.08
"9/13/17","time10:00",37.12
"9/13/17","time11:00",51.04
"9/13/17","time12:00",50.08
"9/13/17","time13:00",60.64
"9/13/17","time14:00",60.48
"9/13/17","time15:00",51.52
"9/13/17","time16:00",50.4
"9/13/17","time17:00",38.56
"9/13/17","time18:00",23.04
"9/13/17","time19:00",12.48
"9/13/17","time20:00",10.88
"9/13/17","time21:00",7.84
"9/13/17","time22:00",5.92
"9/13/17","time23:00",4.32
"9/14/17","time00:00",4.8
"9/14/17","time01:00",4.16
"9/14/17","time02:00",4.48
"9/14/17","time03:00",4.32
"9/14/17","time04:00",4.16
"9/14/17","time05:00",4.64
"9/14/17","time06:00",11.36
"9/14/17","time07:00",15.84
"9/14/17","time08:00",16
"9/14/17","time09:00",15.2
"9/14/17","time10:00",15.04
"9/14/17","time11:00",27.36
"9/14/17","time12:00",35.84
"9/14/17","time13:00",45.76
"9/14/17","time14:00",53.44
"9/14/17","time15:00",49.76
"9/14/17","time16:00",35.04
"9/14/17","time17:00",44.8
"9/14/17","time18:00",40.48
"9/14/17","time19:00",14.4
"9/14/17","time20:00",11.68
"9/14/17","time21:00",7.52
"9/14/17","time22:00",7.04
"9/14/17","time23:00",4.48
"9/15/17","time00:00",4.64
"9/15/17","time01:00",4.32
"9/15/17","time02:00",4.48
"9/15/17","time03:00",4.8
"9/15/17","time04:00",4.64
"9/15/17","time05:00",4.16
"9/15/17","time06:00",10.56
"9/15/17","time07:00",17.12
"9/15/17","time08:00",12.96
"9/15/17","time09:00",14.72
"9/15/17","time10:00",22.08
"9/15/17","time11:00",29.92
"9/15/17","time12:00",43.84
"9/15/17","time13:00",48
"9/15/17","time14:00",42.56
"9/15/17","time15:00",38.4
"9/15/17","time16:00",39.36
"9/15/17","time17:00",22.08
"9/15/17","time18:00",15.36
"9/15/17","time19:00",8.96
"9/15/17","time20:00",11.52
"9/15/17","time21:00",8.16
"9/15/17","time22:00",5.76
"9/15/17","time23:00",4.48
"9/16/17","time00:00",5.12
"9/16/17","time01:00",4.32
"9/16/17","time02:00",4.32
"9/16/17","time03:00",4.32
"9/16/17","time04:00",4.64
"9/16/17","time05:00",4.48
"9/16/17","time06:00",4.16
"9/16/17","time07:00",4.32
"9/16/17","time08:00",3.84
"9/16/17","time09:00",3.68
"9/16/17","time10:00",3.52
"9/16/17","time11:00",3.68
"9/16/17","time12:00",3.36
"9/16/17","time13:00",3.36
"9/16/17","time14:00",3.84
"9/16/17","time15:00",4.64
"9/16/17","time16:00",4.16
"9/16/17","time17:00",4.48
"9/16/17","time18:00",4.48
"9/16/17","time19:00",5.12
"9/16/17","time20:00",5.12
"9/16/17","time21:00",4.8
"9/16/17","time22:00",5.12
"9/16/17","time23:00",4.8
"9/17/17","time00:00",5.28
"9/17/17","time01:00",4.96
"9/17/17","time02:00",5.12
"9/17/17","time03:00",4.8
"9/17/17","time04:00",5.12
"9/17/17","time05:00",5.28
"9/17/17","time06:00",4.8
"9/17/17","time07:00",4.32
"9/17/17","time08:00",4.48
"9/17/17","time09:00",4
"9/17/17","time10:00",4.16
"9/17/17","time11:00",3.84
"9/17/17","time12:00",4.64
"9/17/17","time13:00",7.04
"9/17/17","time14:00",9.28
"9/17/17","time15:00",9.92
"9/17/17","time16:00",6.88
"9/17/17","time17:00",4.64
"9/17/17","time18:00",3.84
"9/17/17","time19:00",4.48
"9/17/17","time20:00",5.6
"9/17/17","time21:00",4.96
"9/17/17","time22:00",4.96
"9/17/17","time23:00",4.8
"9/18/17","time00:00",4.32
"9/18/17","time01:00",4.8
"9/18/17","time02:00",4.32
"9/18/17","time03:00",4.48
"9/18/17","time04:00",4.48
"9/18/17","time05:00",4.8
"9/18/17","time06:00",7.36
"9/18/17","time07:00",8.96
"9/18/17","time08:00",14.24
"9/18/17","time09:00",15.2
"9/18/17","time10:00",18.24
"9/18/17","time11:00",46.4
"9/18/17","time12:00",52.16
"9/18/17","time13:00",52.96
"9/18/17","time14:00",45.76
"9/18/17","time15:00",40
"9/18/17","time16:00",39.52
"9/18/17","time17:00",28.16
"9/18/17","time18:00",16.16
"9/18/17","time19:00",15.36
"9/18/17","time20:00",12
"9/18/17","time21:00",7.52
"9/18/17","time22:00",5.92
"9/18/17","time23:00",4
"9/19/17","time00:00",4.64
"9/19/17","time01:00",4.64
"9/19/17","time02:00",4.32
"9/19/17","time03:00",4.16
"9/19/17","time04:00",4.48
"9/19/17","time05:00",4
"9/19/17","time06:00",7.52
"9/19/17","time07:00",9.12
"9/19/17","time08:00",12.96
"9/19/17","time09:00",13.28
"9/19/17","time10:00",16.64
"9/19/17","time11:00",32.8
"9/19/17","time12:00",41.12
"9/19/17","time13:00",44.8
"9/19/17","time14:00",43.68
"9/19/17","time15:00",50.56
"9/19/17","time16:00",47.84
"9/19/17","time17:00",29.12
"9/19/17","time18:00",11.36
"9/19/17","time19:00",10.24
"9/19/17","time20:00",9.12
"9/19/17","time21:00",7.52
"9/19/17","time22:00",5.44
"9/19/17","time23:00",4.16
"9/20/17","time00:00",5.28
"9/20/17","time01:00",4.32
"9/20/17","time02:00",4.32
"9/20/17","time03:00",4.32
"9/20/17","time04:00",4.8
"9/20/17","time05:00",4.16
"9/20/17","time06:00",8.16
"9/20/17","time07:00",8.64
"9/20/17","time08:00",13.6
"9/20/17","time09:00",12.64
"9/20/17","time10:00",13.6
"9/20/17","time11:00",24
"9/20/17","time12:00",42.24
"9/20/17","time13:00",47.84
"9/20/17","time14:00",38.56
"9/20/17","time15:00",26.72
"9/20/17","time16:00",23.52
"9/20/17","time17:00",12
"9/20/17","time18:00",8
"9/20/17","time19:00",6.88
"9/20/17","time20:00",9.44
"9/20/17","time21:00",6.88
"9/20/17","time22:00",5.92
"9/20/17","time23:00",4.8
"9/21/17","time00:00",4
"9/21/17","time01:00",4.96
"9/21/17","time02:00",4.48
"9/21/17","time03:00",4.48
"9/21/17","time04:00",4
"9/21/17","time05:00",4.64
"9/21/17","time06:00",7.2
"9/21/17","time07:00",8.32
"9/21/17","time08:00",12.16
"9/21/17","time09:00",14.24
"9/21/17","time10:00",16.16
"9/21/17","time11:00",17.6
"9/21/17","time12:00",20.96
"9/21/17","time13:00",32.16
"9/21/17","time14:00",31.36
"9/21/17","time15:00",38.72
"9/21/17","time16:00",21.76
"9/21/17","time17:00",15.84
"9/21/17","time18:00",9.92
"9/21/17","time19:00",6.72
"9/21/17","time20:00",8.48
"9/21/17","time21:00",7.36
"9/21/17","time22:00",5.12
"9/21/17","time23:00",4
"9/22/17","time00:00",4.48
"9/22/17","time01:00",5.28
"9/22/17","time02:00",4.64
"9/22/17","time03:00",4
"9/22/17","time04:00",3.84
"9/22/17","time05:00",4.32
"9/22/17","time06:00",7.04
"9/22/17","time07:00",7.84
"9/22/17","time08:00",12.48
"9/22/17","time09:00",16.48
"9/22/17","time10:00",17.6
"9/22/17","time11:00",23.36
"9/22/17","time12:00",34.08
"9/22/17","time13:00",35.52
"9/22/17","time14:00",33.92
"9/22/17","time15:00",36.32
"9/22/17","time16:00",29.92
"9/22/17","time17:00",9.6
"9/22/17","time18:00",7.36
"9/22/17","time19:00",6.72
"9/22/17","time20:00",7.68
"9/22/17","time21:00",6.88
"9/22/17","time22:00",4.96
"9/22/17","time23:00",3.84
"9/23/17","time00:00",4
"9/23/17","time01:00",4.96
"9/23/17","time02:00",4.64
"9/23/17","time03:00",4
"9/23/17","time04:00",3.84
"9/23/17","time05:00",3.84
"9/23/17","time06:00",3.84
"9/23/17","time07:00",4
"9/23/17","time08:00",3.52
"9/23/17","time09:00",3.04
"9/23/17","time10:00",3.2
"9/23/17","time11:00",3.04
"9/23/17","time12:00",3.04
"9/23/17","time13:00",3.84
"9/23/17","time14:00",3.2
"9/23/17","time15:00",3.36
"9/23/17","time16:00",3.36
"9/23/17","time17:00",3.84
"9/23/17","time18:00",4.32
"9/23/17","time19:00",4.16
"9/23/17","time20:00",4.64
"9/23/17","time21:00",4
"9/23/17","time22:00",4.16
"9/23/17","time23:00",4.32
"9/24/17","time00:00",4.16
"9/24/17","time01:00",4.16
"9/24/17","time02:00",4
"9/24/17","time03:00",4.16
"9/24/17","time04:00",4
"9/24/17","time05:00",3.68
"9/24/17","time06:00",4.16
"9/24/17","time07:00",4
"9/24/17","time08:00",3.2
"9/24/17","time09:00",3.04
"9/24/17","time10:00",3.04
"9/24/17","time11:00",3.36
"9/24/17","time12:00",3.36
"9/24/17","time13:00",3.04
"9/24/17","time14:00",3.68
"9/24/17","time15:00",3.36
"9/24/17","time16:00",3.68
"9/24/17","time17:00",3.68
"9/24/17","time18:00",3.84
"9/24/17","time19:00",4.48
"9/24/17","time20:00",4.32
"9/24/17","time21:00",4.96
"9/24/17","time22:00",3.84
"9/24/17","time23:00",4.16
"9/25/17","time00:00",4.48
"9/25/17","time01:00",4
"9/25/17","time02:00",4
"9/25/17","time03:00",3.84
"9/25/17","time04:00",4.32
"9/25/17","time05:00",4.16
"9/25/17","time06:00",7.04
"9/25/17","time07:00",8.32
"9/25/17","time08:00",13.44
"9/25/17","time09:00",12.16
"9/25/17","time10:00",12.8
"9/25/17","time11:00",28.16
"9/25/17","time12:00",33.92
"9/25/17","time13:00",40.16
"9/25/17","time14:00",34.56
"9/25/17","time15:00",41.12
"9/25/17","time16:00",21.76
"9/25/17","time17:00",25.76
"9/25/17","time18:00",9.44
"9/25/17","time19:00",7.68
"9/25/17","time20:00",8.32
"9/25/17","time21:00",6.72
"9/25/17","time22:00",4.96
"9/25/17","time23:00",3.84
"9/26/17","time00:00",4.64
"9/26/17","time01:00",3.84
"9/26/17","time02:00",4.32
"9/26/17","time03:00",4
"9/26/17","time04:00",3.84
"9/26/17","time05:00",4
"9/26/17","time06:00",6.88
"9/26/17","time07:00",9.6
"9/26/17","time08:00",13.12
"9/26/17","time09:00",12
"9/26/17","time10:00",12.48
"9/26/17","time11:00",29.76
"9/26/17","time12:00",41.12
"9/26/17","time13:00",44.16
"9/26/17","time14:00",46.56
"9/26/17","time15:00",32.8
"9/26/17","time16:00",26.56
"9/26/17","time17:00",32.64
"9/26/17","time18:00",11.68
"9/26/17","time19:00",9.28
"9/26/17","time20:00",10.88
"9/26/17","time21:00",8.32
"9/26/17","time22:00",6.24
"9/26/17","time23:00",5.6
"9/27/17","time00:00",5.12
"9/27/17","time01:00",5.28
"9/27/17","time02:00",5.12
"9/27/17","time03:00",4.32
"9/27/17","time04:00",4.32
"9/27/17","time05:00",4.32
"9/27/17","time06:00",7.68
"9/27/17","time07:00",8.96
"9/27/17","time08:00",13.28
"9/27/17","time09:00",13.44
"9/27/17","time10:00",16
"9/27/17","time11:00",23.04
"9/27/17","time12:00",57.12
"9/27/17","time13:00",50.4
"9/27/17","time14:00",43.68
"9/27/17","time15:00",52.48
"9/27/17","time16:00",21.12
"9/27/17","time17:00",56.8
"9/27/17","time18:00",46.88
"9/27/17","time19:00",18.88
"9/27/17","time20:00",13.92
"9/27/17","time21:00",6.4
"9/27/17","time22:00",5.12
"9/27/17","time23:00",4
"9/28/17","time00:00",4.64
"9/28/17","time01:00",4.32
"9/28/17","time02:00",4.32
"9/28/17","time03:00",3.84
"9/28/17","time04:00",3.84
"9/28/17","time05:00",3.68
"9/28/17","time06:00",7.84
"9/28/17","time07:00",8.96
"9/28/17","time08:00",12.16
"9/28/17","time09:00",11.84
"9/28/17","time10:00",16.96
"9/28/17","time11:00",35.04
"9/28/17","time12:00",49.6
"9/28/17","time13:00",48
"9/28/17","time14:00",51.68
"9/28/17","time15:00",35.52
"9/28/17","time16:00",40
"9/28/17","time17:00",29.12
"9/28/17","time18:00",17.92
"9/28/17","time19:00",9.76
"9/28/17","time20:00",11.52
"9/28/17","time21:00",8.48
"9/28/17","time22:00",6.24
"9/28/17","time23:00",4.48
"9/29/17","time00:00",4.8
"9/29/17","time01:00",4.16
"9/29/17","time02:00",4.48
"9/29/17","time03:00",4.64
"9/29/17","time04:00",3.84
"9/29/17","time05:00",4.48
"9/29/17","time06:00",6.88
"9/29/17","time07:00",8.96
"9/29/17","time08:00",11.36
"9/29/17","time09:00",11.68
"9/29/17","time10:00",13.76
"9/29/17","time11:00",32.8
"9/29/17","time12:00",44.96
"9/29/17","time13:00",53.92
"9/29/17","time14:00",34.72
"9/29/17","time15:00",51.2
"9/29/17","time16:00",22.08
"9/29/17","time17:00",25.6
"9/29/17","time18:00",21.44
"9/29/17","time19:00",8.8
"9/29/17","time20:00",10.4
"9/29/17","time21:00",6.56
"9/29/17","time22:00",5.6
"9/29/17","time23:00",5.28
"9/30/17","time00:00",4.64
"9/30/17","time01:00",4.32
"9/30/17","time02:00",4.64
"9/30/17","time03:00",4.96
"9/30/17","time04:00",4.32
"9/30/17","time05:00",4.32
"9/30/17","time06:00",4.16
"9/30/17","time07:00",4.64
"9/30/17","time08:00",7.36
"9/30/17","time09:00",6.4
"9/30/17","time10:00",4.8
"9/30/17","time11:00",4
"9/30/17","time12:00",3.84
"9/30/17","time13:00",4.16
"9/30/17","time14:00",4.8
"9/30/17","time15:00",3.84
"9/30/17","time16:00",4
"9/30/17","time17:00",4.16
"9/30/17","time18:00",3.84
"9/30/17","time19:00",4.8
"9/30/17","time20:00",5.12
"9/30/17","time21:00",4.48
"9/30/17","time22:00",4.64
"9/30/17","time23:00",4.64
"10/1/17","time00:00",4.32
"10/1/17","time01:00",4.64
"10/1/17","time02:00",4.64
"10/1/17","time03:00",4.32
"10/1/17","time04:00",4.16
"10/1/17","time05:00",4.64
"10/1/17","time06:00",4.48
"10/1/17","time07:00",5.28
"10/1/17","time08:00",4.96
"10/1/17","time09:00",4.64
"10/1/17","time10:00",4.64
"10/1/17","time11:00",4.8
"10/1/17","time12:00",3.84
"10/1/17","time13:00",3.84
"10/1/17","time14:00",4.64
"10/1/17","time15:00",3.84
"10/1/17","time16:00",3.68
"10/1/17","time17:00",4.16
"10/1/17","time18:00",4.48
"10/1/17","time19:00",4.64
"10/1/17","time20:00",4.96
"10/1/17","time21:00",4.96
"10/1/17","time22:00",4.96
"10/1/17","time23:00",4.48
"10/2/17","time00:00",4.48
"10/2/17","time01:00",4.8
"10/2/17","time02:00",4.48
"10/2/17","time03:00",4.48
"10/2/17","time04:00",4.16
"10/2/17","time05:00",4.32
"10/2/17","time06:00",8.32
"10/2/17","time07:00",9.6
"10/2/17","time08:00",13.12
"10/2/17","time09:00",13.28
"10/2/17","time10:00",13.6
"10/2/17","time11:00",20.64
"10/2/17","time12:00",32.48
"10/2/17","time13:00",29.12
"10/2/17","time14:00",37.28
"10/2/17","time15:00",30.24
"10/2/17","time16:00",20.16
"10/2/17","time17:00",27.84
"10/2/17","time18:00",12.64
"10/2/17","time19:00",6.4
"10/2/17","time20:00",8.32
"10/2/17","time21:00",6.72
"10/2/17","time22:00",4.96
"10/2/17","time23:00",5.28
"10/3/17","time00:00",5.44
"10/3/17","time01:00",4.16
"10/3/17","time02:00",4.32
"10/3/17","time03:00",4.32
"10/3/17","time04:00",4.16
"10/3/17","time05:00",4.16
"10/3/17","time06:00",7.36
"10/3/17","time07:00",8.8
"10/3/17","time08:00",12.8
"10/3/17","time09:00",13.44
"10/3/17","time10:00",14.56
"10/3/17","time11:00",26.88
"10/3/17","time12:00",29.6
"10/3/17","time13:00",28.48
"10/3/17","time14:00",26.4
"10/3/17","time15:00",32.16
"10/3/17","time16:00",24.48
"10/3/17","time17:00",15.68
"10/3/17","time18:00",10.72
"10/3/17","time19:00",14.4
"10/3/17","time20:00",13.44
"10/3/17","time21:00",9.76
"10/3/17","time22:00",7.84
"10/3/17","time23:00",5.76
"10/4/17","time00:00",5.12
"10/4/17","time01:00",5.76
"10/4/17","time02:00",5.6
"10/4/17","time03:00",5.44
"10/4/17","time04:00",5.6
"10/4/17","time05:00",5.6
"10/4/17","time06:00",8.64
"10/4/17","time07:00",9.44
"10/4/17","time08:00",14.24
"10/4/17","time09:00",12.32
"10/4/17","time10:00",14.72
"10/4/17","time11:00",15.52
"10/4/17","time12:00",29.92
"10/4/17","time13:00",32.8
"10/4/17","time14:00",39.84
"10/4/17","time15:00",24.16
"10/4/17","time16:00",28.8
"10/4/17","time17:00",24.96
"10/4/17","time18:00",12.8
"10/4/17","time19:00",12.96
"10/4/17","time20:00",9.92
"10/4/17","time21:00",6.24
"10/4/17","time22:00",5.44
"10/4/17","time23:00",4.64
"10/5/17","time00:00",4.16
"10/5/17","time01:00",4.32
"10/5/17","time02:00",4.32
"10/5/17","time03:00",4.16
"10/5/17","time04:00",4
"10/5/17","time05:00",4.48
"10/5/17","time06:00",6.72
"10/5/17","time07:00",8.8
"10/5/17","time08:00",13.6
"10/5/17","time09:00",12.32
"10/5/17","time10:00",11.52
"10/5/17","time11:00",16.96
"10/5/17","time12:00",34.24
"10/5/17","time13:00",35.68
"10/5/17","time14:00",33.44
"10/5/17","time15:00",34.72
"10/5/17","time16:00",27.36
"10/5/17","time17:00",25.92
"10/5/17","time18:00",11.84
"10/5/17","time19:00",9.92
"10/5/17","time20:00",8.8
"10/5/17","time21:00",6.72
"10/5/17","time22:00",5.76
"10/5/17","time23:00",4.48
"10/6/17","time00:00",4.32
"10/6/17","time01:00",4.32
"10/6/17","time02:00",4.64
"10/6/17","time03:00",4.64
"10/6/17","time04:00",4.32
"10/6/17","time05:00",4.48
"10/6/17","time06:00",7.2
"10/6/17","time07:00",8.8
"10/6/17","time08:00",13.12
"10/6/17","time09:00",13.76
"10/6/17","time10:00",14.88
"10/6/17","time11:00",20.64
"10/6/17","time12:00",36.32
"10/6/17","time13:00",35.68
"10/6/17","time14:00",31.84
"10/6/17","time15:00",38.88
"10/6/17","time16:00",36.32
"10/6/17","time17:00",14.4
"10/6/17","time18:00",11.2
"10/6/17","time19:00",6.88
"10/6/17","time20:00",8.8
"10/6/17","time21:00",6.88
"10/6/17","time22:00",5.6
"10/6/17","time23:00",4.64
"10/7/17","time00:00",4.32
"10/7/17","time01:00",4.48
"10/7/17","time02:00",4.16
"10/7/17","time03:00",4.32
"10/7/17","time04:00",4.48
"10/7/17","time05:00",4
"10/7/17","time06:00",4
"10/7/17","time07:00",7.04
"10/7/17","time08:00",9.76
"10/7/17","time09:00",4.96
"10/7/17","time10:00",4.96
"10/7/17","time11:00",4.96
"10/7/17","time12:00",4.32
"10/7/17","time13:00",4
"10/7/17","time14:00",4.32
"10/7/17","time15:00",5.6
"10/7/17","time16:00",5.28
"10/7/17","time17:00",5.44
"10/7/17","time18:00",5.92
"10/7/17","time19:00",5.6
"10/7/17","time20:00",5.6
"10/7/17","time21:00",4.64
"10/7/17","time22:00",5.44
"10/7/17","time23:00",4.96
"10/8/17","time00:00",4.96
"10/8/17","time01:00",5.28
"10/8/17","time02:00",4.96
"10/8/17","time03:00",4.64
"10/8/17","time04:00",4.64
"10/8/17","time05:00",5.28
"10/8/17","time06:00",4.8
"10/8/17","time07:00",4.48
"10/8/17","time08:00",4.16
"10/8/17","time09:00",3.84
"10/8/17","time10:00",4.32
"10/8/17","time11:00",4.32
"10/8/17","time12:00",3.84
"10/8/17","time13:00",3.84
"10/8/17","time14:00",4.16
"10/8/17","time15:00",4.64
"10/8/17","time16:00",4
"10/8/17","time17:00",5.12
"10/8/17","time18:00",4.16
"10/8/17","time19:00",4.96
"10/8/17","time20:00",5.44
"10/8/17","time21:00",4.8
"10/8/17","time22:00",5.12
"10/8/17","time23:00",5.76
"10/9/17","time00:00",5.12
"10/9/17","time01:00",4.64
"10/9/17","time02:00",4.96
"10/9/17","time03:00",4.64
"10/9/17","time04:00",5.44
"10/9/17","time05:00",4.64
"10/9/17","time06:00",10.08
"10/9/17","time07:00",12.8
"10/9/17","time08:00",14.72
"10/9/17","time09:00",14.24
"10/9/17","time10:00",16.48
"10/9/17","time11:00",25.92
"10/9/17","time12:00",36.48
"10/9/17","time13:00",40.48
"10/9/17","time14:00",33.76
"10/9/17","time15:00",28.8
"10/9/17","time16:00",15.2
"10/9/17","time17:00",9.76
"10/9/17","time18:00",10.72
"10/9/17","time19:00",8.48
"10/9/17","time20:00",8.8
"10/9/17","time21:00",5.92
"10/9/17","time22:00",5.44
"10/9/17","time23:00",4
"10/10/17","time00:00",4.32
"10/10/17","time01:00",3.84
"10/10/17","time02:00",3.84
"10/10/17","time03:00",4
"10/10/17","time04:00",4
"10/10/17","time05:00",3.68
"10/10/17","time06:00",6.88
"10/10/17","time07:00",9.12
"10/10/17","time08:00",13.92
"10/10/17","time09:00",9.28
"10/10/17","time10:00",10.88
"10/10/17","time11:00",22.56
"10/10/17","time12:00",33.44
"10/10/17","time13:00",41.6
"10/10/17","time14:00",40
"10/10/17","time15:00",22.24
"10/10/17","time16:00",15.68
"10/10/17","time17:00",9.92
"10/10/17","time18:00",8.64
"10/10/17","time19:00",7.04
"10/10/17","time20:00",8.64
"10/10/17","time21:00",5.76
"10/10/17","time22:00",4.8
"10/10/17","time23:00",3.84
"10/11/17","time00:00",4.16
"10/11/17","time01:00",4
"10/11/17","time02:00",4.48
"10/11/17","time03:00",3.68
"10/11/17","time04:00",3.68
"10/11/17","time05:00",3.68
"10/11/17","time06:00",7.04
"10/11/17","time07:00",9.28
"10/11/17","time08:00",14.08
"10/11/17","time09:00",12.48
"10/11/17","time10:00",14.4
"10/11/17","time11:00",23.36
"10/11/17","time12:00",32.8
"10/11/17","time13:00",35.84
"10/11/17","time14:00",28.8
"10/11/17","time15:00",19.52
"10/11/17","time16:00",43.52
"10/11/17","time17:00",9.92
"10/11/17","time18:00",13.44
"10/11/17","time19:00",10.08
"10/11/17","time20:00",10.56
"10/11/17","time21:00",7.84
"10/11/17","time22:00",4.64
"10/11/17","time23:00",4.48
"10/12/17","time00:00",4.16
"10/12/17","time01:00",4.16
"10/12/17","time02:00",3.84
"10/12/17","time03:00",3.68
"10/12/17","time04:00",3.84
"10/12/17","time05:00",4.48
"10/12/17","time06:00",6.88
"10/12/17","time07:00",8.8
"10/12/17","time08:00",14.56
"10/12/17","time09:00",11.2
"10/12/17","time10:00",13.12
"10/12/17","time11:00",14.88
"10/12/17","time12:00",15.36
"10/12/17","time13:00",13.12
"10/12/17","time14:00",13.28
"10/12/17","time15:00",15.2
"10/12/17","time16:00",15.36
"10/12/17","time17:00",9.12
"10/12/17","time18:00",9.76
"10/12/17","time19:00",7.2
"10/12/17","time20:00",7.84
"10/12/17","time21:00",5.92
"10/12/17","time22:00",4.64
"10/12/17","time23:00",4
"10/13/17","time00:00",4
"10/13/17","time01:00",3.52
"10/13/17","time02:00",5.12
"10/13/17","time03:00",3.84
"10/13/17","time04:00",3.84
"10/13/17","time05:00",3.68
"10/13/17","time06:00",6.88
"10/13/17","time07:00",9.44
"10/13/17","time08:00",15.68
"10/13/17","time09:00",14.4
"10/13/17","time10:00",15.36
"10/13/17","time11:00",15.04
"10/13/17","time12:00",16.8
"10/13/17","time13:00",30.08
"10/13/17","time14:00",25.12
"10/13/17","time15:00",18.56
"10/13/17","time16:00",15.36
"10/13/17","time17:00",28.64
"10/13/17","time18:00",15.2
"10/13/17","time19:00",9.28
"10/13/17","time20:00",8.48
"10/13/17","time21:00",9.6
"10/13/17","time22:00",5.12
"10/13/17","time23:00",4.16
"10/14/17","time00:00",4.16
"10/14/17","time01:00",4.16
"10/14/17","time02:00",4
"10/14/17","time03:00",4.16
"10/14/17","time04:00",4.16
"10/14/17","time05:00",3.52
"10/14/17","time06:00",3.84
"10/14/17","time07:00",3.84
"10/14/17","time08:00",3.52
"10/14/17","time09:00",3.36
"10/14/17","time10:00",3.04
"10/14/17","time11:00",2.88
"10/14/17","time12:00",3.04
"10/14/17","time13:00",3.36
"10/14/17","time14:00",3.68
"10/14/17","time15:00",4.32
"10/14/17","time16:00",3.36
"10/14/17","time17:00",4.64
"10/14/17","time18:00",3.68
"10/14/17","time19:00",4.64
"10/14/17","time20:00",4.8
"10/14/17","time21:00",3.68
"10/14/17","time22:00",3.68
"10/14/17","time23:00",3.84
"10/15/17","time00:00",4.16
"10/15/17","time01:00",4
"10/15/17","time02:00",3.84
"10/15/17","time03:00",3.68
"10/15/17","time04:00",3.84
"10/15/17","time05:00",3.68
"10/15/17","time06:00",3.84
"10/15/17","time07:00",3.68
"10/15/17","time08:00",3.04
"10/15/17","time09:00",3.2
"10/15/17","time10:00",2.88
"10/15/17","time11:00",3.04
"10/15/17","time12:00",3.36
"10/15/17","time13:00",2.88
"10/15/17","time14:00",2.88
"10/15/17","time15:00",3.2
"10/15/17","time16:00",3.52
"10/15/17","time17:00",3.68
"10/15/17","time18:00",3.52
"10/15/17","time19:00",4.16
"10/15/17","time20:00",3.84
"10/15/17","time21:00",4
"10/15/17","time22:00",4
"10/15/17","time23:00",4
"10/16/17","time00:00",3.84
"10/16/17","time01:00",3.68
"10/16/17","time02:00",3.84
"10/16/17","time03:00",3.84
"10/16/17","time04:00",3.68
"10/16/17","time05:00",4
"10/16/17","time06:00",7.2
"10/16/17","time07:00",9.12
"10/16/17","time08:00",15.68
"10/16/17","time09:00",14.56
"10/16/17","time10:00",15.68
"10/16/17","time11:00",15.36
"10/16/17","time12:00",25.44
"10/16/17","time13:00",28
"10/16/17","time14:00",23.84
"10/16/17","time15:00",30.56
"10/16/17","time16:00",25.28
"10/16/17","time17:00",19.04
"10/16/17","time18:00",9.28
"10/16/17","time19:00",6.88
"10/16/17","time20:00",8.64
"10/16/17","time21:00",6.24
"10/16/17","time22:00",4.8
"10/16/17","time23:00",4.32
"10/17/17","time00:00",3.68
"10/17/17","time01:00",3.84
"10/17/17","time02:00",4
"10/17/17","time03:00",4.48
"10/17/17","time04:00",3.84
"10/17/17","time05:00",3.52
"10/17/17","time06:00",7.04
"10/17/17","time07:00",8.8
"10/17/17","time08:00",13.6
"10/17/17","time09:00",11.68
"10/17/17","time10:00",12.8
"10/17/17","time11:00",12.48
"10/17/17","time12:00",16.16
"10/17/17","time13:00",41.6
"10/17/17","time14:00",25.12
"10/17/17","time15:00",31.04
"10/17/17","time16:00",28.96
"10/17/17","time17:00",15.36
"10/17/17","time18:00",9.6
"10/17/17","time19:00",9.12
"10/17/17","time20:00",9.12
"10/17/17","time21:00",6.4
"10/17/17","time22:00",5.76
"10/17/17","time23:00",4.16
"10/18/17","time00:00",4.48
"10/18/17","time01:00",4.8
"10/18/17","time02:00",4.32
"10/18/17","time03:00",4.16
"10/18/17","time04:00",4.48
"10/18/17","time05:00",4.16
"10/18/17","time06:00",7.52
"10/18/17","time07:00",9.44
"10/18/17","time08:00",12.48
"10/18/17","time09:00",12.8
"10/18/17","time10:00",16.96
"10/18/17","time11:00",23.04
"10/18/17","time12:00",37.12
"10/18/17","time13:00",36.32
"10/18/17","time14:00",32
"10/18/17","time15:00",33.12
"10/18/17","time16:00",29.76
"10/18/17","time17:00",13.92
"10/18/17","time18:00",11.04
"10/18/17","time19:00",9.12
"10/18/17","time20:00",9.12
"10/18/17","time21:00",4.64
"10/18/17","time22:00",4.96
"10/18/17","time23:00",4.16
"10/19/17","time00:00",4.32
"10/19/17","time01:00",4.32
"10/19/17","time02:00",4.32
"10/19/17","time03:00",4.32
"10/19/17","time04:00",4.32
"10/19/17","time05:00",4
"10/19/17","time06:00",8.16
"10/19/17","time07:00",8.48
"10/19/17","time08:00",12.64
"10/19/17","time09:00",12.8
"10/19/17","time10:00",13.12
"10/19/17","time11:00",18.08
"10/19/17","time12:00",28.32
"10/19/17","time13:00",33.28
"10/19/17","time14:00",27.2
"10/19/17","time15:00",32.32
"10/19/17","time16:00",28.48
"10/19/17","time17:00",21.28
"10/19/17","time18:00",13.12
"10/19/17","time19:00",8.16
"10/19/17","time20:00",8.32
"10/19/17","time21:00",6.56
"10/19/17","time22:00",5.6
"10/19/17","time23:00",4
"10/20/17","time00:00",4.16
"10/20/17","time01:00",4.64
"10/20/17","time02:00",4.32
"10/20/17","time03:00",4.32
"10/20/17","time04:00",4.16
"10/20/17","time05:00",4
"10/20/17","time06:00",7.36
"10/20/17","time07:00",8.48
"10/20/17","time08:00",12
"10/20/17","time09:00",13.28
"10/20/17","time10:00",14.24
"10/20/17","time11:00",15.04
"10/20/17","time12:00",14.72
"10/20/17","time13:00",12.8
"10/20/17","time14:00",22.56
"10/20/17","time15:00",29.92
"10/20/17","time16:00",13.44
"10/20/17","time17:00",9.28
"10/20/17","time18:00",7.04
"10/20/17","time19:00",7.36
"10/20/17","time20:00",7.2
"10/20/17","time21:00",5.28
"10/20/17","time22:00",4.16
"10/20/17","time23:00",2.88
"10/21/17","time00:00",3.36
"10/21/17","time01:00",2.88
"10/21/17","time02:00",3.04
"10/21/17","time03:00",3.04
"10/21/17","time04:00",3.2
"10/21/17","time05:00",2.88
"10/21/17","time06:00",2.72
"10/21/17","time07:00",2.72
"10/21/17","time08:00",3.2
"10/21/17","time09:00",2.88
"10/21/17","time10:00",3.04
"10/21/17","time11:00",2.72
"10/21/17","time12:00",3.04
"10/21/17","time13:00",3.36
"10/21/17","time14:00",3.2
"10/21/17","time15:00",3.52
"10/21/17","time16:00",3.52
"10/21/17","time17:00",3.36
"10/21/17","time18:00",3.36
"10/21/17","time19:00",3.36
"10/21/17","time20:00",3.36
"10/21/17","time21:00",2.88
"10/21/17","time22:00",2.88
"10/21/17","time23:00",3.36
"10/22/17","time00:00",2.88
"10/22/17","time01:00",3.68
"10/22/17","time02:00",3.2
"10/22/17","time03:00",3.04
"10/22/17","time04:00",2.88
"10/22/17","time05:00",2.72
"10/22/17","time06:00",3.04
"10/22/17","time07:00",2.88
"10/22/17","time08:00",3.36
"10/22/17","time09:00",2.72
"10/22/17","time10:00",2.88
"10/22/17","time11:00",3.04
"10/22/17","time12:00",2.56
"10/22/17","time13:00",2.72
"10/22/17","time14:00",2.88
"10/22/17","time15:00",3.68
"10/22/17","time16:00",2.88
"10/22/17","time17:00",3.04
"10/22/17","time18:00",3.04
"10/22/17","time19:00",2.88
"10/22/17","time20:00",3.52
"10/22/17","time21:00",3.2
"10/22/17","time22:00",2.88
"10/22/17","time23:00",2.88
"10/23/17","time00:00",3.36
"10/23/17","time01:00",3.68
"10/23/17","time02:00",3.2
"10/23/17","time03:00",2.72
"10/23/17","time04:00",3.2
"10/23/17","time05:00",3.04
"10/23/17","time06:00",6.24
"10/23/17","time07:00",11.52
"10/23/17","time08:00",17.76
"10/23/17","time09:00",16.96
"10/23/17","time10:00",16.8
"10/23/17","time11:00",16.8
"10/23/17","time12:00",28.64
"10/23/17","time13:00",29.92
"10/23/17","time14:00",24.16
"10/23/17","time15:00",29.6
"10/23/17","time16:00",24.32
"10/23/17","time17:00",12.32
"10/23/17","time18:00",10.08
"10/23/17","time19:00",8.64
"10/23/17","time20:00",8
"10/23/17","time21:00",5.92
"10/23/17","time22:00",5.92
"10/23/17","time23:00",4.64
"10/24/17","time00:00",3.84
"10/24/17","time01:00",4.32
"10/24/17","time02:00",4.16
"10/24/17","time03:00",4.48
"10/24/17","time04:00",4
"10/24/17","time05:00",3.84
"10/24/17","time06:00",6.56
"10/24/17","time07:00",8
"10/24/17","time08:00",12.32
"10/24/17","time09:00",11.68
"10/24/17","time10:00",12.48
"10/24/17","time11:00",13.76
"10/24/17","time12:00",35.52
"10/24/17","time13:00",38.24
"10/24/17","time14:00",32
"10/24/17","time15:00",38.08
"10/24/17","time16:00",35.52
"10/24/17","time17:00",14.88
"10/24/17","time18:00",12.32
"10/24/17","time19:00",9.92
"10/24/17","time20:00",9.28
"10/24/17","time21:00",6.72
"10/24/17","time22:00",5.12
"10/24/17","time23:00",4
"10/25/17","time00:00",3.36
"10/25/17","time01:00",3.36
"10/25/17","time02:00",3.68
"10/25/17","time03:00",3.2
"10/25/17","time04:00",3.2
"10/25/17","time05:00",3.52
"10/25/17","time06:00",8
"10/25/17","time07:00",8.16
"10/25/17","time08:00",10.96
"10/25/17","time09:00",13.28
"10/25/17","time10:00",11.52
"10/25/17","time11:00",9.44
"10/25/17","time12:00",7.68
"10/25/17","time13:00",7.2
"10/25/17","time14:00",7.2
"10/25/17","time15:00",10.72
"10/25/17","time16:00",7.52
"10/25/17","time17:00",4.16
"10/25/17","time18:00",4.32
"10/25/17","time19:00",4.8
"10/25/17","time20:00",4.48
"10/25/17","time21:00",4.64
"10/25/17","time22:00",4.64
"10/25/17","time23:00",4.16
"10/26/17","time00:00",3.68
"10/26/17","time01:00",3.84
"10/26/17","time02:00",3.68
"10/26/17","time03:00",3.68
"10/26/17","time04:00",3.52
"10/26/17","time05:00",3.84
"10/26/17","time06:00",7.04
"10/26/17","time07:00",8.16
"10/26/17","time08:00",14.72
"10/26/17","time09:00",13.6
"10/26/17","time10:00",18.56
"10/26/17","time11:00",32
"10/26/17","time12:00",36.16
"10/26/17","time13:00",47.52
"10/26/17","time14:00",49.12
"10/26/17","time15:00",39.2
"10/26/17","time16:00",38.56
"10/26/17","time17:00",25.76
"10/26/17","time18:00",12.32
"10/26/17","time19:00",12.8
"10/26/17","time20:00",11.68
"10/26/17","time21:00",6.56
"10/26/17","time22:00",5.92
"10/26/17","time23:00",4.32
"10/27/17","time00:00",3.84
"10/27/17","time01:00",4
"10/27/17","time02:00",4.32
"10/27/17","time03:00",3.52
"10/27/17","time04:00",3.36
"10/27/17","time05:00",3.84
"10/27/17","time06:00",7.36
"10/27/17","time07:00",8.16
"10/27/17","time08:00",13.44
"10/27/17","time09:00",12.48
"10/27/17","time10:00",14.24
"10/27/17","time11:00",26.4
"10/27/17","time12:00",38.08
"10/27/17","time13:00",43.36
"10/27/17","time14:00",42.4
"10/27/17","time15:00",47.36
"10/27/17","time16:00",20.32
"10/27/17","time17:00",37.28
"10/27/17","time18:00",17.28
"10/27/17","time19:00",10.56
"10/27/17","time20:00",9.6
"10/27/17","time21:00",7.2
"10/27/17","time22:00",5.44
"10/27/17","time23:00",4.32
"10/28/17","time00:00",3.68
"10/28/17","time01:00",3.52
"10/28/17","time02:00",3.84
"10/28/17","time03:00",3.84
"10/28/17","time04:00",3.2
"10/28/17","time05:00",3.36
"10/28/17","time06:00",3.36
"10/28/17","time07:00",3.36
"10/28/17","time08:00",4
"10/28/17","time09:00",3.36
"10/28/17","time10:00",3.84
"10/28/17","time11:00",3.36
"10/28/17","time12:00",3.68
"10/28/17","time13:00",3.52
"10/28/17","time14:00",3.68
"10/28/17","time15:00",4.48
"10/28/17","time16:00",4
"10/28/17","time17:00",4
"10/28/17","time18:00",4.16
"10/28/17","time19:00",4
"10/28/17","time20:00",4
"10/28/17","time21:00",3.36
"10/28/17","time22:00",3.52
"10/28/17","time23:00",4
"10/29/17","time00:00",3.84
"10/29/17","time01:00",3.84
"10/29/17","time02:00",3.36
"10/29/17","time03:00",3.36
"10/29/17","time04:00",3.84
"10/29/17","time05:00",3.52
"10/29/17","time06:00",3.2
"10/29/17","time07:00",3.52
"10/29/17","time08:00",3.52
"10/29/17","time09:00",3.2
"10/29/17","time10:00",3.2
"10/29/17","time11:00",3.52
"10/29/17","time12:00",3.68
"10/29/17","time13:00",3.36
"10/29/17","time14:00",3.36
"10/29/17","time15:00",4.16
"10/29/17","time16:00",4.16
"10/29/17","time17:00",3.52
"10/29/17","time18:00",3.84
"10/29/17","time19:00",3.52
"10/29/17","time20:00",3.84
"10/29/17","time21:00",3.68
"10/29/17","time22:00",3.68
"10/29/17","time23:00",3.68
"10/30/17","time00:00",3.68
"10/30/17","time01:00",3.36
"10/30/17","time02:00",3.36
"10/30/17","time03:00",4
"10/30/17","time04:00",3.36
"10/30/17","time05:00",4.16
"10/30/17","time06:00",7.2
"10/30/17","time07:00",8.32
"10/30/17","time08:00",12.16
"10/30/17","time09:00",13.76
"10/30/17","time10:00",15.52
"10/30/17","time11:00",21.92
"10/30/17","time12:00",35.84
"10/30/17","time13:00",35.2
"10/30/17","time14:00",26.88
"10/30/17","time15:00",30.08
"10/30/17","time16:00",21.44
"10/30/17","time17:00",27.36
"10/30/17","time18:00",10.08
"10/30/17","time19:00",9.92
"10/30/17","time20:00",8.08
"10/30/17","time21:00",6.56
"10/30/17","time22:00",5.28
"10/30/17","time23:00",4.8
"10/31/17","time00:00",3.84
"10/31/17","time01:00",3.52
"10/31/17","time02:00",3.68
"10/31/17","time03:00",4
"10/31/17","time04:00",3.52
"10/31/17","time05:00",4.16
"10/31/17","time06:00",7.04
"10/31/17","time07:00",8.64
"10/31/17","time08:00",13.28
"10/31/17","time09:00",12.48
"10/31/17","time10:00",12.96
"10/31/17","time11:00",14.24
"10/31/17","time12:00",14.24
"10/31/17","time13:00",15.36
"10/31/17","time14:00",14.88
"10/31/17","time15:00",28.8
"10/31/17","time16:00",14.72
"10/31/17","time17:00",11.04
"10/31/17","time18:00",8
"10/31/17","time19:00",6.4
"10/31/17","time20:00",7.84
"10/31/17","time21:00",5.6
"10/31/17","time22:00",4.64
"10/31/17","time23:00",4.64
"11/1/17","time00:00",3.68
"11/1/17","time01:00",3.2
"11/1/17","time02:00",3.68
"11/1/17","time03:00",3.2
"11/1/17","time04:00",3.04
"11/1/17","time05:00",3.84
"11/1/17","time06:00",7.36
"11/1/17","time07:00",8.96
"11/1/17","time08:00",14.72
"11/1/17","time09:00",13.6
"11/1/17","time10:00",17.12
"11/1/17","time11:00",16.48
"11/1/17","time12:00",16.8
"11/1/17","time13:00",25.92
"11/1/17","time14:00",22.4
"11/1/17","time15:00",21.28
"11/1/17","time16:00",18.4
"11/1/17","time17:00",17.44
"11/1/17","time18:00",15.68
"11/1/17","time19:00",14.08
"11/1/17","time20:00",8.8
"11/1/17","time21:00",6.56
"11/1/17","time22:00",5.12
"11/1/17","time23:00",4.32
"11/2/17","time00:00",4.32
"11/2/17","time01:00",4
"11/2/17","time02:00",3.52
"11/2/17","time03:00",3.52
"11/2/17","time04:00",4
"11/2/17","time05:00",4.16
"11/2/17","time06:00",7.2
"11/2/17","time07:00",8.32
"11/2/17","time08:00",13.76
"11/2/17","time09:00",12.8
"11/2/17","time10:00",14.08
"11/2/17","time11:00",15.2
"11/2/17","time12:00",16.48
"11/2/17","time13:00",13.92
"11/2/17","time14:00",13.92
"11/2/17","time15:00",15.68
"11/2/17","time16:00",12.48
"11/2/17","time17:00",10.88
"11/2/17","time18:00",11.68
"11/2/17","time19:00",8.48
"11/2/17","time20:00",8
"11/2/17","time21:00",6.08
"11/2/17","time22:00",5.92
"11/2/17","time23:00",4.48
"11/3/17","time00:00",4
"11/3/17","time01:00",4.16
"11/3/17","time02:00",4.16
"11/3/17","time03:00",3.52
"11/3/17","time04:00",3.52
"11/3/17","time05:00",4.48
"11/3/17","time06:00",7.52
"11/3/17","time07:00",8.32
"11/3/17","time08:00",16.32
"11/3/17","time09:00",13.12
"11/3/17","time10:00",14.24
"11/3/17","time11:00",16
"11/3/17","time12:00",19.04
"11/3/17","time13:00",25.6
"11/3/17","time14:00",21.44
"11/3/17","time15:00",28.16
"11/3/17","time16:00",13.92
"11/3/17","time17:00",9.12
"11/3/17","time18:00",7.68
"11/3/17","time19:00",6.4
"11/3/17","time20:00",5.92
"11/3/17","time21:00",5.28
"11/3/17","time22:00",4.96
"11/3/17","time23:00",4
"11/4/17","time00:00",3.84
"11/4/17","time01:00",3.36
"11/4/17","time02:00",4
"11/4/17","time03:00",4
"11/4/17","time04:00",3.36
"11/4/17","time05:00",3.68
"11/4/17","time06:00",3.52
"11/4/17","time07:00",3.52
"11/4/17","time08:00",3.68
"11/4/17","time09:00",3.2
"11/4/17","time10:00",3.84
"11/4/17","time11:00",4
"11/4/17","time12:00",4.16
"11/4/17","time13:00",4.16
"11/4/17","time14:00",4
"11/4/17","time15:00",4.32
"11/4/17","time16:00",3.84
"11/4/17","time17:00",3.36
"11/4/17","time18:00",3.52
"11/4/17","time19:00",3.84
"11/4/17","time20:00",4
"11/4/17","time21:00",3.36
"11/4/17","time22:00",3.52
"11/4/17","time23:00",3.36
"11/5/17","time00:00",3.2
"11/5/17","time01:00",3.76
"11/5/17","time02:00",3.28
"11/5/17","time03:00",3.52
"11/5/17","time04:00",3.52
"11/5/17","time05:00",3.36
"11/5/17","time06:00",3.36
"11/5/17","time07:00",3.68
"11/5/17","time08:00",3.68
"11/5/17","time09:00",3.36
"11/5/17","time10:00",3.36
"11/5/17","time11:00",3.2
"11/5/17","time12:00",3.84
"11/5/17","time13:00",3.68
"11/5/17","time14:00",3.84
"11/5/17","time15:00",3.36
"11/5/17","time16:00",3.52
"11/5/17","time17:00",3.84
"11/5/17","time18:00",3.68
"11/5/17","time19:00",3.84
"11/5/17","time20:00",3.52
"11/5/17","time21:00",3.2
"11/5/17","time22:00",3.2
"11/5/17","time23:00",4.16
"11/6/17","time00:00",3.04
"11/6/17","time01:00",3.68
"11/6/17","time02:00",3.52
"11/6/17","time03:00",3.36
"11/6/17","time04:00",3.52
"11/6/17","time05:00",4.48
"11/6/17","time06:00",7.2
"11/6/17","time07:00",9.92
"11/6/17","time08:00",19.52
"11/6/17","time09:00",20.32
"11/6/17","time10:00",16.8
"11/6/17","time11:00",16.48
"11/6/17","time12:00",17.12
"11/6/17","time13:00",14.08
"11/6/17","time14:00",15.52
"11/6/17","time15:00",15.04
"11/6/17","time16:00",12.96
"11/6/17","time17:00",10.08
"11/6/17","time18:00",7.04
"11/6/17","time19:00",6.56
"11/6/17","time20:00",8
"11/6/17","time21:00",6.72
"11/6/17","time22:00",4.8
"11/6/17","time23:00",3.84
"11/7/17","time00:00",3.36
"11/7/17","time01:00",3.36
"11/7/17","time02:00",3.2
"11/7/17","time03:00",3.2
"11/7/17","time04:00",3.04
"11/7/17","time05:00",3.84
"11/7/17","time06:00",6.56
"11/7/17","time07:00",9.12
"11/7/17","time08:00",15.84
"11/7/17","time09:00",15.2
"11/7/17","time10:00",14.56
"11/7/17","time11:00",16.48
"11/7/17","time12:00",17.6
"11/7/17","time13:00",14.4
"11/7/17","time14:00",13.44
"11/7/17","time15:00",19.04
"11/7/17","time16:00",17.12
"11/7/17","time17:00",8.8
"11/7/17","time18:00",8.8
"11/7/17","time19:00",6.72
"11/7/17","time20:00",7.36
"11/7/17","time21:00",5.92
"11/7/17","time22:00",5.28
"11/7/17","time23:00",3.84
"11/8/17","time00:00",3.68
"11/8/17","time01:00",3.2
"11/8/17","time02:00",3.2
"11/8/17","time03:00",3.2
"11/8/17","time04:00",3.84
"11/8/17","time05:00",4.96
"11/8/17","time06:00",6.72
"11/8/17","time07:00",7.68
"11/8/17","time08:00",20.32
"11/8/17","time09:00",14.88
"11/8/17","time10:00",13.44
"11/8/17","time11:00",13.92
"11/8/17","time12:00",12.96
"11/8/17","time13:00",13.6
"11/8/17","time14:00",15.68
"11/8/17","time15:00",28.32
"11/8/17","time16:00",13.92
"11/8/17","time17:00",9.44
"11/8/17","time18:00",8.48
"11/8/17","time19:00",8.32
"11/8/17","time20:00",8.64
"11/8/17","time21:00",6.4
"11/8/17","time22:00",6.08
"11/8/17","time23:00",4.64
"11/9/17","time00:00",3.52
"11/9/17","time01:00",4.32
"11/9/17","time02:00",3.52
"11/9/17","time03:00",3.68
"11/9/17","time04:00",3.84
"11/9/17","time05:00",4.16
"11/9/17","time06:00",6.4
"11/9/17","time07:00",8.48
"11/9/17","time08:00",14.72
"11/9/17","time09:00",15.68
"11/9/17","time10:00",14.72
"11/9/17","time11:00",14.24
"11/9/17","time12:00",23.84
"11/9/17","time13:00",21.44
"11/9/17","time14:00",25.76
"11/9/17","time15:00",23.68
"11/9/17","time16:00",43.2
"11/9/17","time17:00",11.68
"11/9/17","time18:00",8.64
"11/9/17","time19:00",8.48
"11/9/17","time20:00",7.68
"11/9/17","time21:00",6.24
"11/9/17","time22:00",4.16
"11/9/17","time23:00",3.68
"11/10/17","time00:00",3.68
"11/10/17","time01:00",3.52
"11/10/17","time02:00",3.04
"11/10/17","time03:00",3.2
"11/10/17","time04:00",3.52
"11/10/17","time05:00",3.68
"11/10/17","time06:00",3.84
"11/10/17","time07:00",3.68
"11/10/17","time08:00",2.88
"11/10/17","time09:00",3.2
"11/10/17","time10:00",3.04
"11/10/17","time11:00",3.84
"11/10/17","time12:00",3.52
"11/10/17","time13:00",3.04
"11/10/17","time14:00",3.36
"11/10/17","time15:00",3.2
"11/10/17","time16:00",3.68
"11/10/17","time17:00",3.84
"11/10/17","time18:00",5.04
"11/10/17","time19:00",4.48
"11/10/17","time20:00",3.84
"11/10/17","time21:00",4.16
"11/10/17","time22:00",4.32
"11/10/17","time23:00",3.68
"11/11/17","time00:00",3.2
"11/11/17","time01:00",3.52
"11/11/17","time02:00",3.36
"11/11/17","time03:00",3.04
"11/11/17","time04:00",2.88
"11/11/17","time05:00",3.04
"11/11/17","time06:00",3.68
"11/11/17","time07:00",6.88
"11/11/17","time08:00",4.48
"11/11/17","time09:00",4.32
"11/11/17","time10:00",4.16
"11/11/17","time11:00",3.36
"11/11/17","time12:00",3.36
"11/11/17","time13:00",2.88
"11/11/17","time14:00",3.36
"11/11/17","time15:00",3.04
"11/11/17","time16:00",3.04
"11/11/17","time17:00",3.68
"11/11/17","time18:00",3.2
"11/11/17","time19:00",3.2
"11/11/17","time20:00",3.2
"11/11/17","time21:00",3.52
"11/11/17","time22:00",3.2
"11/11/17","time23:00",3.52
"11/12/17","time00:00",3.36
"11/12/17","time01:00",3.2
"11/12/17","time02:00",3.2
"11/12/17","time03:00",3.36
"11/12/17","time04:00",3.04
"11/12/17","time05:00",3.04
"11/12/17","time06:00",3.36
"11/12/17","time07:00",4.64
"11/12/17","time08:00",3.2
"11/12/17","time09:00",3.2
"11/12/17","time10:00",3.04
"11/12/17","time11:00",2.88
"11/12/17","time12:00",3.2
"11/12/17","time13:00",3.68
"11/12/17","time14:00",3.52
"11/12/17","time15:00",3.04
"11/12/17","time16:00",3.2
"11/12/17","time17:00",3.2
"11/12/17","time18:00",3.52
"11/12/17","time19:00",3.52
"11/12/17","time20:00",2.88
"11/12/17","time21:00",3.52
"11/12/17","time22:00",2.72
"11/12/17","time23:00",3.52
"11/13/17","time00:00",3.04
"11/13/17","time01:00",3.2
"11/13/17","time02:00",3.36
"11/13/17","time03:00",3.36
"11/13/17","time04:00",3.84
"11/13/17","time05:00",4.16
"11/13/17","time06:00",9.44
"11/13/17","time07:00",11.04
"11/13/17","time08:00",21.12
"11/13/17","time09:00",16.8
"11/13/17","time10:00",15.84
"11/13/17","time11:00",15.2
"11/13/17","time12:00",15.52
"11/13/17","time13:00",22.4
"11/13/17","time14:00",26.88
"11/13/17","time15:00",22.88
"11/13/17","time16:00",18.24
"11/13/17","time17:00",10.08
"11/13/17","time18:00",8.32
"11/13/17","time19:00",7.2
"11/13/17","time20:00",7.84
"11/13/17","time21:00",6.24
"11/13/17","time22:00",4.8
"11/13/17","time23:00",4
"11/14/17","time00:00",3.52
"11/14/17","time01:00",3.52
"11/14/17","time02:00",3.68
"11/14/17","time03:00",3.52
"11/14/17","time04:00",3.36
"11/14/17","time05:00",3.84
"11/14/17","time06:00",7.84
"11/14/17","time07:00",10.24
"11/14/17","time08:00",15.36
"11/14/17","time09:00",15.68
"11/14/17","time10:00",15.2
"11/14/17","time11:00",15.68
"11/14/17","time12:00",15.84
"11/14/17","time13:00",15.04
"11/14/17","time14:00",14.88
"11/14/17","time15:00",14.72
"11/14/17","time16:00",12
"11/14/17","time17:00",10.24
"11/14/17","time18:00",9.92
"11/14/17","time19:00",7.68
"11/14/17","time20:00",7.84
"11/14/17","time21:00",5.92
"11/14/17","time22:00",4.8
"11/14/17","time23:00",4
"11/15/17","time00:00",3.36
"11/15/17","time01:00",3.68
"11/15/17","time02:00",3.68
"11/15/17","time03:00",3.2
"11/15/17","time04:00",3.36
"11/15/17","time05:00",4
"11/15/17","time06:00",7.36
"11/15/17","time07:00",9.12
"11/15/17","time08:00",16.8
"11/15/17","time09:00",15.36
"11/15/17","time10:00",16
"11/15/17","time11:00",15.84
"11/15/17","time12:00",24.16
"11/15/17","time13:00",19.84
"11/15/17","time14:00",13.28
"11/15/17","time15:00",17.76
"11/15/17","time16:00",20.8
"11/15/17","time17:00",11.52
"11/15/17","time18:00",8.64
"11/15/17","time19:00",7.2
"11/15/17","time20:00",7.36
"11/15/17","time21:00",6.56
"11/15/17","time22:00",4.32
"11/15/17","time23:00",4
"11/16/17","time00:00",3.36
"11/16/17","time01:00",3.84
"11/16/17","time02:00",3.52
"11/16/17","time03:00",3.2
"11/16/17","time04:00",3.36
"11/16/17","time05:00",4.32
"11/16/17","time06:00",7.36
"11/16/17","time07:00",8
"11/16/17","time08:00",12.32
"11/16/17","time09:00",17.12
"11/16/17","time10:00",14.4
"11/16/17","time11:00",16.64
"11/16/17","time12:00",23.2
"11/16/17","time13:00",22.56
"11/16/17","time14:00",18.72
"11/16/17","time15:00",24.64
"11/16/17","time16:00",16.32
"11/16/17","time17:00",10.24
"11/16/17","time18:00",8.8
"11/16/17","time19:00",8.16
"11/16/17","time20:00",9.28
"11/16/17","time21:00",7.52
"11/16/17","time22:00",5.6
"11/16/17","time23:00",4.32
"11/17/17","time00:00",3.52
"11/17/17","time01:00",3.84
"11/17/17","time02:00",4.16
"11/17/17","time03:00",4.16
"11/17/17","time04:00",3.68
"11/17/17","time05:00",4
"11/17/17","time06:00",7.04
"11/17/17","time07:00",9.6
"11/17/17","time08:00",18.08
"11/17/17","time09:00",31.84
"11/17/17","time10:00",26.72
"11/17/17","time11:00",21.76
"11/17/17","time12:00",15.36
"11/17/17","time13:00",14.08
"11/17/17","time14:00",14.88
"11/17/17","time15:00",13.6
"11/17/17","time16:00",10.72
"11/17/17","time17:00",9.92
"11/17/17","time18:00",8.48
"11/17/17","time19:00",8.32
"11/17/17","time20:00",8.32
"11/17/17","time21:00",6.4
"11/17/17","time22:00",4.8
"11/17/17","time23:00",4.8
"11/18/17","time00:00",4.32
"11/18/17","time01:00",3.68
"11/18/17","time02:00",4
"11/18/17","time03:00",3.68
"11/18/17","time04:00",3.52
"11/18/17","time05:00",4
"11/18/17","time06:00",3.84
"11/18/17","time07:00",3.84
"11/18/17","time08:00",3.68
"11/18/17","time09:00",4
"11/18/17","time10:00",4.32
"11/18/17","time11:00",4.32
"11/18/17","time12:00",3.84
"11/18/17","time13:00",4
"11/18/17","time14:00",4.8
"11/18/17","time15:00",4.32
"11/18/17","time16:00",3.84
"11/18/17","time17:00",4.16
"11/18/17","time18:00",3.84
"11/18/17","time19:00",4.64
"11/18/17","time20:00",4.16
"11/18/17","time21:00",4
"11/18/17","time22:00",3.84
"11/18/17","time23:00",3.84
"11/19/17","time00:00",4.48
"11/19/17","time01:00",4.16
"11/19/17","time02:00",3.68
"11/19/17","time03:00",4
"11/19/17","time04:00",4.32
"11/19/17","time05:00",4.48
"11/19/17","time06:00",4.64
"11/19/17","time07:00",4.8
"11/19/17","time08:00",4.64
"11/19/17","time09:00",4.16
"11/19/17","time10:00",4
"11/19/17","time11:00",3.84
"11/19/17","time12:00",3.84
"11/19/17","time13:00",4.16
"11/19/17","time14:00",4
"11/19/17","time15:00",4.16
"11/19/17","time16:00",4.48
"11/19/17","time17:00",4.16
"11/19/17","time18:00",4
"11/19/17","time19:00",4.32
"11/19/17","time20:00",4
"11/19/17","time21:00",4.16
"11/19/17","time22:00",4.32
"11/19/17","time23:00",3.84
"11/20/17","time00:00",4
"11/20/17","time01:00",4.16
"11/20/17","time02:00",4.32
"11/20/17","time03:00",4.16
"11/20/17","time04:00",4.16
"11/20/17","time05:00",4.64
"11/20/17","time06:00",6.08
"11/20/17","time07:00",13.76
"11/20/17","time08:00",11.84
"11/20/17","time09:00",15.04
"11/20/17","time10:00",13.12
"11/20/17","time11:00",7.04
"11/20/17","time12:00",6.24
"11/20/17","time13:00",6.08
"11/20/17","time14:00",6.72
"11/20/17","time15:00",5.12
"11/20/17","time16:00",4.48
"11/20/17","time17:00",4.96
"11/20/17","time18:00",5.28
"11/20/17","time19:00",5.12
"11/20/17","time20:00",5.76
"11/20/17","time21:00",4.96
"11/20/17","time22:00",4.8
"11/20/17","time23:00",4.64
"11/21/17","time00:00",3.84
"11/21/17","time01:00",4.64
"11/21/17","time02:00",4.16
"11/21/17","time03:00",4
"11/21/17","time04:00",4
"11/21/17","time05:00",4.8
"11/21/17","time06:00",6.56
"11/21/17","time07:00",5.6
"11/21/17","time08:00",6.08
"11/21/17","time09:00",9.6
"11/21/17","time10:00",7.2
"11/21/17","time11:00",8.16
"11/21/17","time12:00",6.56
"11/21/17","time13:00",6.88
"11/21/17","time14:00",5.44
"11/21/17","time15:00",4.8
"11/21/17","time16:00",3.52
"11/21/17","time17:00",3.84
"11/21/17","time18:00",4
"11/21/17","time19:00",4.48
"11/21/17","time20:00",3.84
"11/21/17","time21:00",4.16
"11/21/17","time22:00",3.68
"11/21/17","time23:00",3.84
"11/22/17","time00:00",4
"11/22/17","time01:00",3.2
"11/22/17","time02:00",3.04
"11/22/17","time03:00",3.36
"11/22/17","time04:00",3.36
"11/22/17","time05:00",3.52
"11/22/17","time06:00",5.12
"11/22/17","time07:00",5.28
"11/22/17","time08:00",8.64
"11/22/17","time09:00",8.64
"11/22/17","time10:00",7.36
"11/22/17","time11:00",6.56
"11/22/17","time12:00",6.72
"11/22/17","time13:00",4.64
"11/22/17","time14:00",5.28
"11/22/17","time15:00",4.8
"11/22/17","time16:00",4.8
"11/22/17","time17:00",5.12
"11/22/17","time18:00",5.76
"11/22/17","time19:00",5.44
"11/22/17","time20:00",5.6
"11/22/17","time21:00",5.6
"11/22/17","time22:00",5.28
"11/22/17","time23:00",5.12
"11/23/17","time00:00",4.48
"11/23/17","time01:00",4.64
"11/23/17","time02:00",4.96
"11/23/17","time03:00",4.48
"11/23/17","time04:00",5.44
"11/23/17","time05:00",5.28
"11/23/17","time06:00",4.96
"11/23/17","time07:00",4.64
"11/23/17","time08:00",4.32
"11/23/17","time09:00",4.8
"11/23/17","time10:00",4.64
"11/23/17","time11:00",4.48
"11/23/17","time12:00",4.48
"11/23/17","time13:00",4.8
"11/23/17","time14:00",4.8
"11/23/17","time15:00",5.44
"11/23/17","time16:00",4.64
"11/23/17","time17:00",5.6
"11/23/17","time18:00",5.76
"11/23/17","time19:00",5.28
"11/23/17","time20:00",5.44
"11/23/17","time21:00",5.12
"11/23/17","time22:00",5.92
"11/23/17","time23:00",5.12
"11/24/17","time00:00",4.32
"11/24/17","time01:00",4.8
"11/24/17","time02:00",4.96
"11/24/17","time03:00",4.48
"11/24/17","time04:00",4.48
"11/24/17","time05:00",4.96
"11/24/17","time06:00",5.28
"11/24/17","time07:00",4.64
"11/24/17","time08:00",4.64
"11/24/17","time09:00",4.64
"11/24/17","time10:00",4.64
"11/24/17","time11:00",4.48
"11/24/17","time12:00",4.64
"11/24/17","time13:00",5.12
"11/24/17","time14:00",5.12
"11/24/17","time15:00",4.96
"11/24/17","time16:00",4.8
"11/24/17","time17:00",5.12
"11/24/17","time18:00",5.44
"11/24/17","time19:00",5.6
"11/24/17","time20:00",5.76
"11/24/17","time21:00",5.6
"11/24/17","time22:00",5.92
"11/24/17","time23:00",5.28
"11/25/17","time00:00",4.48
"11/25/17","time01:00",4.96
"11/25/17","time02:00",4.48
"11/25/17","time03:00",4.8
"11/25/17","time04:00",4.32
"11/25/17","time05:00",4.8
"11/25/17","time06:00",4.48
"11/25/17","time07:00",5.28
"11/25/17","time08:00",4.48
"11/25/17","time09:00",4.32
"11/25/17","time10:00",4.48
"11/25/17","time11:00",5.12
"11/25/17","time12:00",4.48
"11/25/17","time13:00",4.48
"11/25/17","time14:00",4.64
"11/25/17","time15:00",6.72
"11/25/17","time16:00",8.16
"11/25/17","time17:00",7.52
"11/25/17","time18:00",5.28
"11/25/17","time19:00",5.76
"11/25/17","time20:00",4.96
"11/25/17","time21:00",4.8
"11/25/17","time22:00",4.64
"11/25/17","time23:00",5.12
"11/26/17","time00:00",4.64
"11/26/17","time01:00",4.96
"11/26/17","time02:00",4.16
"11/26/17","time03:00",4.96
"11/26/17","time04:00",4.48
"11/26/17","time05:00",4.48
"11/26/17","time06:00",4.64
"11/26/17","time07:00",4.96
"11/26/17","time08:00",4.32
"11/26/17","time09:00",4.48
"11/26/17","time10:00",4.8
"11/26/17","time11:00",4.48
"11/26/17","time12:00",4.96
"11/26/17","time13:00",4.32
"11/26/17","time14:00",5.12
"11/26/17","time15:00",4.64
"11/26/17","time16:00",4.96
"11/26/17","time17:00",5.28
"11/26/17","time18:00",4.64
"11/26/17","time19:00",5.28
"11/26/17","time20:00",4.64
"11/26/17","time21:00",4.48
"11/26/17","time22:00",4.96
"11/26/17","time23:00",4.48
"11/27/17","time00:00",4.64
"11/27/17","time01:00",4.64
"11/27/17","time02:00",4.8
"11/27/17","time03:00",4.32
"11/27/17","time04:00",5.6
"11/27/17","time05:00",5.12
"11/27/17","time06:00",7.2
"11/27/17","time07:00",9.28
"11/27/17","time08:00",18.56
"11/27/17","time09:00",17.28
"11/27/17","time10:00",13.44
"11/27/17","time11:00",13.6
"11/27/17","time12:00",12.16
"11/27/17","time13:00",15.2
"11/27/17","time14:00",15.04
"11/27/17","time15:00",20.48
"11/27/17","time16:00",15.84
"11/27/17","time17:00",11.84
"11/27/17","time18:00",10.24
"11/27/17","time19:00",7.2
"11/27/17","time20:00",6.24
"11/27/17","time21:00",6.88
"11/27/17","time22:00",5.76
"11/27/17","time23:00",4
"11/28/17","time00:00",3.84
"11/28/17","time01:00",3.68
"11/28/17","time02:00",3.68
"11/28/17","time03:00",3.68
"11/28/17","time04:00",4.64
"11/28/17","time05:00",4.96
"11/28/17","time06:00",10.24
"11/28/17","time07:00",13.28
"11/28/17","time08:00",24.48
"11/28/17","time09:00",19.04
"11/28/17","time10:00",16.64
"11/28/17","time11:00",19.04
"11/28/17","time12:00",17.76
"11/28/17","time13:00",16.16
"11/28/17","time14:00",15.36
"11/28/17","time15:00",16.16
"11/28/17","time16:00",13.28
"11/28/17","time17:00",12.96
"11/28/17","time18:00",9.92
"11/28/17","time19:00",9.44
"11/28/17","time20:00",6.24
"11/28/17","time21:00",4.8
"11/28/17","time22:00",4.32
"11/28/17","time23:00",4.32
"11/29/17","time00:00",3.68
"11/29/17","time01:00",3.52
"11/29/17","time02:00",3.2
"11/29/17","time03:00",3.52
"11/29/17","time04:00",4
"11/29/17","time05:00",4
"11/29/17","time06:00",7.52
"11/29/17","time07:00",16
"11/29/17","time08:00",29.12
"11/29/17","time09:00",17.92
"11/29/17","time10:00",15.68
"11/29/17","time11:00",15.36
"11/29/17","time12:00",15.84
"11/29/17","time13:00",14.72
"11/29/17","time14:00",13.6
"11/29/17","time15:00",15.36
"11/29/17","time16:00",13.44
"11/29/17","time17:00",11.52
"11/29/17","time18:00",8.96
"11/29/17","time19:00",6.56
"11/29/17","time20:00",5.92
"11/29/17","time21:00",5.76
"11/29/17","time22:00",5.92
"11/29/17","time23:00",4.32
"11/30/17","time00:00",3.68
"11/30/17","time01:00",3.68
"11/30/17","time02:00",3.68
"11/30/17","time03:00",4.48
"11/30/17","time04:00",4
"11/30/17","time05:00",4.64
"11/30/17","time06:00",8.64
"11/30/17","time07:00",16.32
"11/30/17","time08:00",29.6
"11/30/17","time09:00",21.28
"11/30/17","time10:00",17.76
"11/30/17","time11:00",18.4
"11/30/17","time12:00",15.84
"11/30/17","time13:00",14.24
"11/30/17","time14:00",14.72
"11/30/17","time15:00",16
"11/30/17","time16:00",13.6
"11/30/17","time17:00",11.2
"11/30/17","time18:00",8.32
"11/30/17","time19:00",7.36
"11/30/17","time20:00",6.24
"11/30/17","time21:00",5.92
"11/30/17","time22:00",4.8
"11/30/17","time23:00",4
"12/1/17","time00:00",3.36
"12/1/17","time01:00",3.2
"12/1/17","time02:00",3.84
"12/1/17","time03:00",3.52
"12/1/17","time04:00",3.52
"12/1/17","time05:00",4.16
"12/1/17","time06:00",10.72
"12/1/17","time07:00",15.84
"12/1/17","time08:00",29.92
"12/1/17","time09:00",27.52
"12/1/17","time10:00",25.6
"12/1/17","time11:00",23.52
"12/1/17","time12:00",18.08
"12/1/17","time13:00",16
"12/1/17","time14:00",16.64
"12/1/17","time15:00",15.84
"12/1/17","time16:00",13.28
"12/1/17","time17:00",11.52
"12/1/17","time18:00",8.48
"12/1/17","time19:00",6.88
"12/1/17","time20:00",6.72
"12/1/17","time21:00",5.28
"12/1/17","time22:00",4.16
"12/1/17","time23:00",4
"12/2/17","time00:00",3.52
"12/2/17","time01:00",3.2
"12/2/17","time02:00",3.52
"12/2/17","time03:00",3.84
"12/2/17","time04:00",3.68
"12/2/17","time05:00",3.52
"12/2/17","time06:00",3.84
"12/2/17","time07:00",4.64
"12/2/17","time08:00",4.16
"12/2/17","time09:00",3.68
"12/2/17","time10:00",3.52
"12/2/17","time11:00",4.16
"12/2/17","time12:00",3.68
"12/2/17","time13:00",3.2
"12/2/17","time14:00",3.36
"12/2/17","time15:00",3.2
"12/2/17","time16:00",3.84
"12/2/17","time17:00",2.88
"12/2/17","time18:00",3.2
"12/2/17","time19:00",3.36
"12/2/17","time20:00",3.68
"12/2/17","time21:00",3.04
"12/2/17","time22:00",3.04
"12/2/17","time23:00",3.36
"12/3/17","time00:00",4
"12/3/17","time01:00",3.52
"12/3/17","time02:00",3.68
"12/3/17","time03:00",4
"12/3/17","time04:00",3.68
"12/3/17","time05:00",3.84
"12/3/17","time06:00",3.52
"12/3/17","time07:00",4.48
"12/3/17","time08:00",4
"12/3/17","time09:00",3.36
"12/3/17","time10:00",3.2
"12/3/17","time11:00",3.52
"12/3/17","time12:00",2.88
"12/3/17","time13:00",3.36
"12/3/17","time14:00",3.68
"12/3/17","time15:00",3.2
"12/3/17","time16:00",3.84
"12/3/17","time17:00",4
"12/3/17","time18:00",3.68
"12/3/17","time19:00",3.84
"12/3/17","time20:00",3.2
"12/3/17","time21:00",3.68
"12/3/17","time22:00",4
"12/3/17","time23:00",4
"12/4/17","time00:00",4
"12/4/17","time01:00",4.8
"12/4/17","time02:00",4.16
"12/4/17","time03:00",4.8
"12/4/17","time04:00",4.96
"12/4/17","time05:00",4.8
"12/4/17","time06:00",10.72
"12/4/17","time07:00",15.84
"12/4/17","time08:00",27.04
"12/4/17","time09:00",20
"12/4/17","time10:00",23.68
"12/4/17","time11:00",21.6
"12/4/17","time12:00",20
"12/4/17","time13:00",15.84
"12/4/17","time14:00",13.92
"12/4/17","time15:00",15.04
"12/4/17","time16:00",14.4
"12/4/17","time17:00",13.44
"12/4/17","time18:00",10.4
"12/4/17","time19:00",7.04
"12/4/17","time20:00",5.76
"12/4/17","time21:00",4.96
"12/4/17","time22:00",4.96
"12/4/17","time23:00",3.52
"12/5/17","time00:00",3.2
"12/5/17","time01:00",3.04
"12/5/17","time02:00",4
"12/5/17","time03:00",3.84
"12/5/17","time04:00",4.48
"12/5/17","time05:00",4.96
"12/5/17","time06:00",13.44
"12/5/17","time07:00",16.64
"12/5/17","time08:00",28.96
"12/5/17","time09:00",24
"12/5/17","time10:00",22.08
"12/5/17","time11:00",18.4
"12/5/17","time12:00",15.2
"12/5/17","time13:00",13.12
"12/5/17","time14:00",13.44
"12/5/17","time15:00",13.28
"12/5/17","time16:00",9.76
"12/5/17","time17:00",8
"12/5/17","time18:00",6.24
"12/5/17","time19:00",7.36
"12/5/17","time20:00",7.52
"12/5/17","time21:00",4.96
"12/5/17","time22:00",4.8
"12/5/17","time23:00",3.68
"12/6/17","time00:00",3.04
"12/6/17","time01:00",4.32
"12/6/17","time02:00",5.12
"12/6/17","time03:00",4.48
"12/6/17","time04:00",4.48
"12/6/17","time05:00",5.76
"12/6/17","time06:00",10.4
"12/6/17","time07:00",20.64
"12/6/17","time08:00",33.28
"12/6/17","time09:00",18.56
"12/6/17","time10:00",12.8
"12/6/17","time11:00",13.92
"12/6/17","time12:00",16.8
"12/6/17","time13:00",12.96
"12/6/17","time14:00",12.64
"12/6/17","time15:00",15.2
"12/6/17","time16:00",11.2
"12/6/17","time17:00",9.76
"12/6/17","time18:00",8.16
"12/6/17","time19:00",7.04
"12/6/17","time20:00",5.92
"12/6/17","time21:00",6.24
"12/6/17","time22:00",4.96
"12/6/17","time23:00",3.52
"12/7/17","time00:00",3.2
"12/7/17","time01:00",4.32
"12/7/17","time02:00",4
"12/7/17","time03:00",4.8
"12/7/17","time04:00",5.92
"12/7/17","time05:00",6.56
"12/7/17","time06:00",15.2
"12/7/17","time07:00",20.32
"12/7/17","time08:00",39.2
"12/7/17","time09:00",33.28
"12/7/17","time10:00",25.12
"12/7/17","time11:00",25.6
"12/7/17","time12:00",15.68
"12/7/17","time13:00",15.04
"12/7/17","time14:00",14.4
"12/7/17","time15:00",16
"12/7/17","time16:00",12.64
"12/7/17","time17:00",10.72
"12/7/17","time18:00",11.52
"12/7/17","time19:00",7.84
"12/7/17","time20:00",7.52
"12/7/17","time21:00",5.12
"12/7/17","time22:00",4.32
"12/7/17","time23:00",4
"12/8/17","time00:00",3.2
"12/8/17","time01:00",3.68
"12/8/17","time02:00",4.16
"12/8/17","time03:00",4.16
"12/8/17","time04:00",4.32
"12/8/17","time05:00",5.44
"12/8/17","time06:00",13.44
"12/8/17","time07:00",17.44
"12/8/17","time08:00",32.16
"12/8/17","time09:00",24.32
"12/8/17","time10:00",21.76
"12/8/17","time11:00",18.08
"12/8/17","time12:00",17.44
"12/8/17","time13:00",13.44
"12/8/17","time14:00",13.92
"12/8/17","time15:00",14.4
"12/8/17","time16:00",12.16
"12/8/17","time17:00",9.12
"12/8/17","time18:00",6.88
"12/8/17","time19:00",6.08
"12/8/17","time20:00",5.44
"12/8/17","time21:00",5.28
"12/8/17","time22:00",5.12
"12/8/17","time23:00",3.84
"12/9/17","time00:00",3.52
"12/9/17","time01:00",4.32
"12/9/17","time02:00",4.64
"12/9/17","time03:00",4.16
"12/9/17","time04:00",4.48
"12/9/17","time05:00",4.48
"12/9/17","time06:00",5.12
"12/9/17","time07:00",5.12
"12/9/17","time08:00",5.6
"12/9/17","time09:00",7.2
"12/9/17","time10:00",6.4
"12/9/17","time11:00",4.64
"12/9/17","time12:00",4.16
"12/9/17","time13:00",3.36
"12/9/17","time14:00",3.84
"12/9/17","time15:00",3.36
"12/9/17","time16:00",3.68
"12/9/17","time17:00",3.52
"12/9/17","time18:00",3.2
"12/9/17","time19:00",3.68
"12/9/17","time20:00",4
"12/9/17","time21:00",3.36
"12/9/17","time22:00",3.84
"12/9/17","time23:00",4.32
"12/10/17","time00:00",5.12
"12/10/17","time01:00",4.96
"12/10/17","time02:00",5.28
"12/10/17","time03:00",5.12
"12/10/17","time04:00",5.6
"12/10/17","time05:00",5.12
"12/10/17","time06:00",5.76
"12/10/17","time07:00",6.08
"12/10/17","time08:00",6.72
"12/10/17","time09:00",6.24
"12/10/17","time10:00",4.8
"12/10/17","time11:00",3.84
"12/10/17","time12:00",3.52
"12/10/17","time13:00",3.36
"12/10/17","time14:00",3.52
"12/10/17","time15:00",3.2
"12/10/17","time16:00",3.68
"12/10/17","time17:00",3.68
"12/10/17","time18:00",3.36
"12/10/17","time19:00",3.52
"12/10/17","time20:00",3.84
"12/10/17","time21:00",4
"12/10/17","time22:00",5.44
"12/10/17","time23:00",4.8
"12/11/17","time00:00",4.96
"12/11/17","time01:00",4.96
"12/11/17","time02:00",4.96
"12/11/17","time03:00",5.92
"12/11/17","time04:00",5.28
"12/11/17","time05:00",6.24
"12/11/17","time06:00",17.76
"12/11/17","time07:00",15.52
"12/11/17","time08:00",30.72
"12/11/17","time09:00",25.6
"12/11/17","time10:00",22.4
"12/11/17","time11:00",19.68
"12/11/17","time12:00",18.72
"12/11/17","time13:00",16.32
"12/11/17","time14:00",14.24
"12/11/17","time15:00",14.72
"12/11/17","time16:00",14.08
"12/11/17","time17:00",10.08
"12/11/17","time18:00",8
"12/11/17","time19:00",6.24
"12/11/17","time20:00",5.6
"12/11/17","time21:00",4.96
"12/11/17","time22:00",4.32
"12/11/17","time23:00",4
"12/12/17","time00:00",3.2
"12/12/17","time01:00",4.64
"12/12/17","time02:00",5.28
"12/12/17","time03:00",5.76
"12/12/17","time04:00",4.8
"12/12/17","time05:00",5.6
"12/12/17","time06:00",15.52
"12/12/17","time07:00",15.84
"12/12/17","time08:00",33.6
"12/12/17","time09:00",26.4
"12/12/17","time10:00",20.16
"12/12/17","time11:00",20.96
"12/12/17","time12:00",14.72
"12/12/17","time13:00",14.4
"12/12/17","time14:00",14.88
"12/12/17","time15:00",16.48
"12/12/17","time16:00",13.28
"12/12/17","time17:00",9.28
"12/12/17","time18:00",7.36
"12/12/17","time19:00",8
"12/12/17","time20:00",6.4
"12/12/17","time21:00",4.96
"12/12/17","time22:00",4.32
"12/12/17","time23:00",4
"12/13/17","time00:00",4.16
"12/13/17","time01:00",3.68
"12/13/17","time02:00",5.92
"12/13/17","time03:00",5.28
"12/13/17","time04:00",4.48
"12/13/17","time05:00",5.92
"12/13/17","time06:00",13.12
"12/13/17","time07:00",15.68
"12/13/17","time08:00",39.04
"12/13/17","time09:00",24.96
"12/13/17","time10:00",20.48
"12/13/17","time11:00",21.28
"12/13/17","time12:00",17.28
"12/13/17","time13:00",14.24
"12/13/17","time14:00",15.36
"12/13/17","time15:00",15.36
"12/13/17","time16:00",14.24
"12/13/17","time17:00",14.08
"12/13/17","time18:00",12.16
"12/13/17","time19:00",8.48
"12/13/17","time20:00",6.56
"12/13/17","time21:00",4.64
"12/13/17","time22:00",4.16
"12/13/17","time23:00",3.84
"12/14/17","time00:00",3.68
"12/14/17","time01:00",3.2
"12/14/17","time02:00",3.52
"12/14/17","time03:00",4.8
"12/14/17","time04:00",4
"12/14/17","time05:00",4.8
"12/14/17","time06:00",14.4
"12/14/17","time07:00",14.88
"12/14/17","time08:00",30.24
"12/14/17","time09:00",16.8
"12/14/17","time10:00",18.08
"12/14/17","time11:00",22.56
"12/14/17","time12:00",20.96
"12/14/17","time13:00",14.4
"12/14/17","time14:00",13.12
"12/14/17","time15:00",14.72
"12/14/17","time16:00",12.32
"12/14/17","time17:00",10.24
"12/14/17","time18:00",7.52
"12/14/17","time19:00",6.24
"12/14/17","time20:00",6.08
"12/14/17","time21:00",6.08
"12/14/17","time22:00",4.64
"12/14/17","time23:00",3.36
"12/15/17","time00:00",3.52
"12/15/17","time01:00",4
"12/15/17","time02:00",3.84
"12/15/17","time03:00",4.16
"12/15/17","time04:00",5.28
"12/15/17","time05:00",5.12
"12/15/17","time06:00",15.52
"12/15/17","time07:00",16.96
"12/15/17","time08:00",31.2
"12/15/17","time09:00",32.8
"12/15/17","time10:00",22.4
"12/15/17","time11:00",18.4
"12/15/17","time12:00",16.32
"12/15/17","time13:00",15.2
"12/15/17","time14:00",14.56
"12/15/17","time15:00",13.76
"12/15/17","time16:00",8
"12/15/17","time17:00",9.28
"12/15/17","time18:00",6.72
"12/15/17","time19:00",5.28
"12/15/17","time20:00",4.96
"12/15/17","time21:00",3.84
"12/15/17","time22:00",3.68
"12/15/17","time23:00",3.68
"12/16/17","time00:00",3.84
"12/16/17","time01:00",3.36
"12/16/17","time02:00",3.52
"12/16/17","time03:00",3.36
"12/16/17","time04:00",3.68
"12/16/17","time05:00",4.32
"12/16/17","time06:00",3.84
"12/16/17","time07:00",4.16
"12/16/17","time08:00",5.28
"12/16/17","time09:00",4.64
"12/16/17","time10:00",4.48
"12/16/17","time11:00",4.16
"12/16/17","time12:00",3.04
"12/16/17","time13:00",3.36
"12/16/17","time14:00",2.88
"12/16/17","time15:00",2.72
"12/16/17","time16:00",3.2
"12/16/17","time17:00",2.88
"12/16/17","time18:00",3.52
"12/16/17","time19:00",3.2
"12/16/17","time20:00",3.52
"12/16/17","time21:00",3.36
"12/16/17","time22:00",5.12
"12/16/17","time23:00",4.16
"12/17/17","time00:00",4.16
"12/17/17","time01:00",4.32
"12/17/17","time02:00",4.32
"12/17/17","time03:00",4.64
"12/17/17","time04:00",4.96
"12/17/17","time05:00",5.12
"12/17/17","time06:00",4.64
"12/17/17","time07:00",5.44
"12/17/17","time08:00",4.64
"12/17/17","time09:00",4.48
"12/17/17","time10:00",4
"12/17/17","time11:00",4.8
"12/17/17","time12:00",2.88
"12/17/17","time13:00",3.04
"12/17/17","time14:00",3.04
"12/17/17","time15:00",2.88
"12/17/17","time16:00",2.88
"12/17/17","time17:00",3.04
"12/17/17","time18:00",3.84
"12/17/17","time19:00",3.36
"12/17/17","time20:00",3.2
"12/17/17","time21:00",3.2
"12/17/17","time22:00",4
"12/17/17","time23:00",4.96
"12/18/17","time00:00",4.16
"12/18/17","time01:00",4.64
"12/18/17","time02:00",5.6
"12/18/17","time03:00",4.64
"12/18/17","time04:00",5.28
"12/18/17","time05:00",6.16
"12/18/17","time06:00",8
"12/18/17","time07:00",16.48
"12/18/17","time08:00",17.12
"12/18/17","time09:00",14.72
"12/18/17","time10:00",12
"12/18/17","time11:00",10.24
"12/18/17","time12:00",8.16
"12/18/17","time13:00",8
"12/18/17","time14:00",7.84
"12/18/17","time15:00",3.52
"12/18/17","time16:00",3.36
"12/18/17","time17:00",4
"12/18/17","time18:00",4.16
"12/18/17","time19:00",4.32
"12/18/17","time20:00",3.84
"12/18/17","time21:00",3.84
"12/18/17","time22:00",4.64
"12/18/17","time23:00",4.16
"12/19/17","time00:00",3.84
"12/19/17","time01:00",4.8
"12/19/17","time02:00",5.28
"12/19/17","time03:00",5.12
"12/19/17","time04:00",5.12
"12/19/17","time05:00",5.92
"12/19/17","time06:00",7.84
"12/19/17","time07:00",16.32
"12/19/17","time08:00",22.08
"12/19/17","time09:00",17.76
"12/19/17","time10:00",13.92
"12/19/17","time11:00",13.12
"12/19/17","time12:00",10.24
"12/19/17","time13:00",9.92
"12/19/17","time14:00",7.04
"12/19/17","time15:00",4.96
"12/19/17","time16:00",4.16
"12/19/17","time17:00",3.52
"12/19/17","time18:00",3.52
"12/19/17","time19:00",4.16
"12/19/17","time20:00",4
"12/19/17","time21:00",3.36
"12/19/17","time22:00",4
"12/19/17","time23:00",3.68
"12/20/17","time00:00",3.84
"12/20/17","time01:00",3.52
"12/20/17","time02:00",3.36
"12/20/17","time03:00",3.84
"12/20/17","time04:00",3.36
"12/20/17","time05:00",5.44
"12/20/17","time06:00",5.92
"12/20/17","time07:00",5.92
"12/20/17","time08:00",12.64
"12/20/17","time09:00",12.48
"12/20/17","time10:00",11.04
"12/20/17","time11:00",13.12
"12/20/17","time12:00",11.84
"12/20/17","time13:00",8.96
"12/20/17","time14:00",6.56
"12/20/17","time15:00",4.32
"12/20/17","time16:00",3.52
"12/20/17","time17:00",4.16
"12/20/17","time18:00",3.68
"12/20/17","time19:00",4.32
"12/20/17","time20:00",4
"12/20/17","time21:00",4.32
"12/20/17","time22:00",4.32
"12/20/17","time23:00",5.12
"12/21/17","time00:00",4
"12/21/17","time01:00",4.48
"12/21/17","time02:00",4.32
"12/21/17","time03:00",4.96
"12/21/17","time04:00",4.96
"12/21/17","time05:00",5.28
"12/21/17","time06:00",9.76
"12/21/17","time07:00",19.36
"12/21/17","time08:00",21.12
"12/21/17","time09:00",17.44
"12/21/17","time10:00",13.92
"12/21/17","time11:00",9.76
"12/21/17","time12:00",6.88
"12/21/17","time13:00",5.28
"12/21/17","time14:00",5.28
"12/21/17","time15:00",5.12
"12/21/17","time16:00",4.8
"12/21/17","time17:00",4.8
"12/21/17","time18:00",4.64
"12/21/17","time19:00",4.8
"12/21/17","time20:00",5.44
"12/21/17","time21:00",4.96
"12/21/17","time22:00",5.92
"12/21/17","time23:00",5.44
"12/22/17","time00:00",5.28
"12/22/17","time01:00",6.4
"12/22/17","time02:00",5.76
"12/22/17","time03:00",6.4
"12/22/17","time04:00",7.04
"12/22/17","time05:00",7.04
"12/22/17","time06:00",7.68
"12/22/17","time07:00",7.68
"12/22/17","time08:00",6.88
"12/22/17","time09:00",6.4
"12/22/17","time10:00",5.92
"12/22/17","time11:00",4.96
"12/22/17","time12:00",4.32
"12/22/17","time13:00",4.8
"12/22/17","time14:00",4.16
"12/22/17","time15:00",4.64
"12/22/17","time16:00",4
"12/22/17","time17:00",4.48
"12/22/17","time18:00",4.96
"12/22/17","time19:00",5.44
"12/22/17","time20:00",5.12
"12/22/17","time21:00",5.12
"12/22/17","time22:00",5.76
"12/22/17","time23:00",5.92
"12/23/17","time00:00",4.8
"12/23/17","time01:00",5.44
"12/23/17","time02:00",5.76
"12/23/17","time03:00",5.28
"12/23/17","time04:00",6.56
"12/23/17","time05:00",5.44
"12/23/17","time06:00",6.4
"12/23/17","time07:00",5.76
"12/23/17","time08:00",6.4
"12/23/17","time09:00",5.76
"12/23/17","time10:00",5.92
"12/23/17","time11:00",4.32
"12/23/17","time12:00",4.32
"12/23/17","time13:00",4.16
"12/23/17","time14:00",4
"12/23/17","time15:00",3.68
"12/23/17","time16:00",4
"12/23/17","time17:00",4
"12/23/17","time18:00",4
"12/23/17","time19:00",4.32
"12/23/17","time20:00",4.64
"12/23/17","time21:00",4.8
"12/23/17","time22:00",4.64
"12/23/17","time23:00",4.8
"12/24/17","time00:00",2.4
"12/24/17","time01:00",2.64
"12/24/17","time02:00",2.4
"12/24/17","time03:00",2.56
"12/24/17","time04:00",2.88
"12/24/17","time05:00",2.64
"12/24/17","time06:00",2.96
"12/24/17","time07:00",2.72
"12/24/17","time08:00",2.64
"12/24/17","time09:00",2.72
"12/24/17","time10:00",2.48
"12/24/17","time11:00",2.16
"12/24/17","time12:00",2.08
"12/24/17","time13:00",2.24
"12/24/17","time14:00",2.72
"12/24/17","time15:00",2.08
"12/24/17","time16:00",2.08
"12/24/17","time17:00",2.32
"12/24/17","time18:00",2.08
"12/24/17","time19:00",2.24
"12/24/17","time20:00",2.24
"12/24/17","time21:00",2.32
"12/24/17","time22:00",2.4
"12/24/17","time23:00",2.32
"12/25/17","time00:00",2.24
"12/25/17","time01:00",2.64
"12/25/17","time02:00",2.4
"12/25/17","time03:00",2.48
"12/25/17","time04:00",2.96
"12/25/17","time05:00",2.8
"12/25/17","time06:00",3.6
"12/25/17","time07:00",3.04
"12/25/17","time08:00",2.72
"12/25/17","time09:00",2.72
"12/25/17","time10:00",2.4
"12/25/17","time11:00",2.64
"12/25/17","time12:00",2.48
"12/25/17","time13:00",1.92
"12/25/17","time14:00",2.16
"12/25/17","time15:00",1.92
"12/25/17","time16:00",2
"12/25/17","time17:00",2.32
"12/25/17","time18:00",2.32
"12/25/17","time19:00",2.64
"12/25/17","time20:00",2.48
"12/25/17","time21:00",2.72
"12/25/17","time22:00",2.72
"12/25/17","time23:00",2.56
"12/26/17","time00:00",2.32
"12/26/17","time01:00",2.32
"12/26/17","time02:00",2.4
"12/26/17","time03:00",2.64
"12/26/17","time04:00",2.32
"12/26/17","time05:00",2.56
"12/26/17","time06:00",3.12
"12/26/17","time07:00",2.96
"12/26/17","time08:00",2.8
"12/26/17","time09:00",2.88
"12/26/17","time10:00",2.56
"12/26/17","time11:00",2.48
"12/26/17","time12:00",2.16
"12/26/17","time13:00",2.4
"12/26/17","time14:00",2.24
"12/26/17","time15:00",1.84
"12/26/17","time16:00",2.16
"12/26/17","time17:00",2.56
"12/26/17","time18:00",2.24
"12/26/17","time19:00",2.24
"12/26/17","time20:00",2.24
"12/26/17","time21:00",2.32
"12/26/17","time22:00",2.56
"12/26/17","time23:00",2.4
"12/27/17","time00:00",2.48
"12/27/17","time01:00",2.56
"12/27/17","time02:00",2.48
"12/27/17","time03:00",2.48
"12/27/17","time04:00",2.8
"12/27/17","time05:00",2.96
"12/27/17","time06:00",3.84
"12/27/17","time07:00",3.6
"12/27/17","time08:00",4
"12/27/17","time09:00",3.28
"12/27/17","time10:00",2.88
"12/27/17","time11:00",2.96
"12/27/17","time12:00",2.4
"12/27/17","time13:00",2.8
"12/27/17","time14:00",2.4
"12/27/17","time15:00",1.92
"12/27/17","time16:00",2
"12/27/17","time17:00",2.16
"12/27/17","time18:00",2.48
"12/27/17","time19:00",2.32
"12/27/17","time20:00",2.24
"12/27/17","time21:00",2.64
"12/27/17","time22:00",2.72
"12/27/17","time23:00",2.56
"12/28/17","time00:00",2.48
"12/28/17","time01:00",2.56
"12/28/17","time02:00",2.48
"12/28/17","time03:00",3.12
"12/28/17","time04:00",2.64
"12/28/17","time05:00",3.2
"12/28/17","time06:00",3.76
"12/28/17","time07:00",3.36
"12/28/17","time08:00",3.52
"12/28/17","time09:00",3.2
"12/28/17","time10:00",2.8
"12/28/17","time11:00",2.72
"12/28/17","time12:00",2.24
"12/28/17","time13:00",2.32
"12/28/17","time14:00",2.4
"12/28/17","time15:00",2.32
"12/28/17","time16:00",2.88
"12/28/17","time17:00",2.64
"12/28/17","time18:00",2.24
"12/28/17","time19:00",2.56
"12/28/17","time20:00",2.24
"12/28/17","time21:00",2.48
"12/28/17","time22:00",2.4
"12/28/17","time23:00",2.72
"12/29/17","time00:00",2.4
"12/29/17","time01:00",2.56
"12/29/17","time02:00",2.48
"12/29/17","time03:00",2.8
"12/29/17","time04:00",2.56
"12/29/17","time05:00",3.36
"12/29/17","time06:00",3.2
"12/29/17","time07:00",3.36
"12/29/17","time08:00",3.04
"12/29/17","time09:00",2.88
"12/29/17","time10:00",2.48
"12/29/17","time11:00",2
"12/29/17","time12:00",1.84
"12/29/17","time13:00",2
"12/29/17","time14:00",2
"12/29/17","time15:00",2.08
"12/29/17","time16:00",1.92
"12/29/17","time17:00",2.32
"12/29/17","time18:00",2.16
"12/29/17","time19:00",2.64
"12/29/17","time20:00",2.32
"12/29/17","time21:00",2.64
"12/29/17","time22:00",2.64
"12/29/17","time23:00",2.48
"12/30/17","time00:00",2.4
"12/30/17","time01:00",2.8
"12/30/17","time02:00",2.64
"12/30/17","time03:00",2.72
"12/30/17","time04:00",2.8
"12/30/17","time05:00",2.96
"12/30/17","time06:00",2.64
"12/30/17","time07:00",3.44
"12/30/17","time08:00",2.96
"12/30/17","time09:00",2.88
"12/30/17","time10:00",2.32
"12/30/17","time11:00",2.72
"12/30/17","time12:00",1.92
"12/30/17","time13:00",2
"12/30/17","time14:00",2
"12/30/17","time15:00",2.16
"12/30/17","time16:00",1.92
"12/30/17","time17:00",1.84
"12/30/17","time18:00",1.84
"12/30/17","time19:00",2.24
"12/30/17","time20:00",2
"12/30/17","time21:00",2.4
"12/30/17","time22:00",2.24
"12/30/17","time23:00",2.32
"12/31/17","time00:00",2.4
"12/31/17","time01:00",2.24
"12/31/17","time02:00",2.4
"12/31/17","time03:00",2.64
"12/31/17","time04:00",2.4
"12/31/17","time05:00",3.28
"12/31/17","time06:00",3.28
"12/31/17","time07:00",2.8
"12/31/17","time08:00",2.8
"12/31/17","time09:00",2.4
"12/31/17","time10:00",2.4
"12/31/17","time11:00",1.92
"12/31/17","time12:00",1.92
"12/31/17","time13:00",2.24
"12/31/17","time14:00",2
"12/31/17","time15:00",1.84
"12/31/17","time16:00",1.92
"12/31/17","time17:00",1.92
"12/31/17","time18:00",2
"12/31/17","time19:00",2.08
"12/31/17","time20:00",1.84
"12/31/17","time21:00",2
"12/31/17","time22:00",1.92
"12/31/17","time23:00",2.16
